Word,Emotion
abandon,fear
abandon,sadness
abandoned,anger
abandoned,fear
abandoned,sadness
abandonment,anger
abandonment,fear
abandonment,sadness
abduction,fear
abduction,sadness
aberration,disgust
abhor,anger
abhor,disgust
abhor,fear
abhorrent,anger
abhorrent,disgust
abhorrent,fear
abject,disgust
abnormal,disgust
abolish,anger
abominable,disgust
abominable,fear
abomination,anger
abomination,disgust
abomination,fear
abortion,disgust
abortion,fear
abortion,sadness
abortive,sadness
abscess,sadness
absence,fear
absence,sadness
absent,sadness
absentee,sadness
absolution,joy
abundance,disgust
abundance,joy
abundant,joy
abuse,anger
abuse,disgust
abuse,fear
abuse,sadness
abysmal,sadness
abyss,fear
abyss,sadness
accident,fear
accident,sadness
accidental,fear
accolade,joy
accompaniment,joy
accomplish,joy
accomplished,joy
accursed,anger
accursed,fear
accursed,sadness
accusation,anger
accusation,disgust
accused,anger
accused,fear
accuser,anger
accuser,fear
accusing,anger
accusing,fear
ache,sadness
achieve,joy
achievement,joy
aching,sadness
acrobat,fear
acrobat,joy
actionable,anger
actionable,disgust
adder,anger
adder,disgust
adder,fear
adder,sadness
adjudicate,fear
admirable,joy
admiration,joy
admonition,fear
adorable,joy
adoration,joy
adore,joy
adrift,fear
adrift,sadness
adultery,disgust
adultery,sadness
advance,fear
advance,joy
advent,joy
adversary,anger
adverse,anger
adverse,disgust
adverse,fear
adverse,sadness
adversity,anger
adversity,fear
adversity,sadness
advocacy,anger
advocacy,joy
aesthetics,joy
affection,joy
afflict,fear
afflict,sadness
affliction,disgust
affliction,fear
affliction,sadness
affluence,joy
affront,anger
affront,disgust
affront,fear
affront,sadness
afraid,fear
aftermath,anger
aftermath,disgust
aftermath,fear
aftermath,sadness
aga,fear
aggravated,anger
aggravating,anger
aggravating,sadness
aggravation,anger
aggravation,disgust
aggression,anger
aggression,fear
aggressive,anger
aggressive,fear
aggressor,anger
aggressor,fear
aghast,disgust
aghast,fear
agitated,anger
agitation,anger
agonizing,fear
agony,anger
agony,fear
agony,sadness
ail,sadness
ailing,fear
ailing,sadness
airs,disgust
alarm,fear
alarming,fear
alcoholism,anger
alcoholism,disgust
alcoholism,fear
alcoholism,sadness
alertness,fear
alerts,fear
alien,disgust
alien,fear
alienate,anger
alienate,disgust
alienated,sadness
alienation,anger
alienation,disgust
alienation,fear
alienation,sadness
alive,joy
allegation,anger
allure,joy
aloha,joy
altercation,anger
amazingly,joy
ambition,joy
ambulance,fear
ambush,anger
ambush,fear
amen,joy
amicable,joy
ammonia,disgust
amnesty,joy
amour,joy
amphetamines,disgust
amuse,joy
amused,joy
amusement,joy
amusing,joy
anaconda,disgust
anaconda,fear
anarchism,anger
anarchism,fear
anarchist,anger
anarchist,fear
anarchy,anger
anarchy,fear
anathema,anger
anathema,disgust
anathema,fear
anathema,sadness
anchorage,sadness
angel,joy
angelic,joy
anger,anger
angina,fear
angry,anger
angry,disgust
anguish,anger
anguish,fear
anguish,sadness
animated,joy
animosity,anger
animosity,disgust
animosity,fear
animosity,sadness
animus,anger
annihilate,anger
annihilate,fear
annihilated,anger
annihilated,fear
annihilated,sadness
annihilation,anger
annihilation,fear
annihilation,sadness
annoy,anger
annoy,disgust
annoyance,anger
annoyance,disgust
annoying,anger
annulment,sadness
anomaly,fear
antagonism,anger
antagonist,anger
antagonistic,anger
antagonistic,disgust
anthrax,disgust
anthrax,fear
anthrax,sadness
antichrist,anger
antichrist,disgust
antichrist,fear
antipathy,anger
antipathy,disgust
antisocial,anger
antisocial,disgust
antisocial,fear
antisocial,sadness
antithesis,anger
anxiety,anger
anxiety,fear
anxiety,sadness
anxious,fear
apache,fear
apathetic,sadness
apathy,sadness
aphid,disgust
apologize,sadness
appalling,disgust
appalling,fear
apparition,fear
appendicitis,fear
appendicitis,sadness
applause,joy
appreciation,joy
apprehend,fear
apprehension,fear
apprehensive,fear
approve,joy
ardent,joy
argue,anger
argument,anger
argumentation,anger
arguments,anger
arid,sadness
armament,anger
armament,fear
armaments,fear
armed,anger
armed,fear
armor,fear
armored,fear
arraignment,anger
arraignment,fear
arraignment,sadness
arrogant,anger
arrogant,disgust
arsenic,disgust
arsenic,fear
arsenic,sadness
arson,anger
arson,fear
art,joy
art,sadness
artillery,fear
ashamed,disgust
ashamed,sadness
ashes,sadness
asp,fear
aspiration,joy
aspire,joy
aspiring,joy
assail,anger
assail,fear
assailant,anger
assailant,fear
assailant,sadness
assassin,anger
assassin,fear
assassin,sadness
assassinate,anger
assassinate,fear
assassination,anger
assassination,fear
assassination,sadness
assault,anger
assault,fear
asshole,anger
asshole,disgust
astonishment,joy
astray,fear
asylum,fear
asymmetry,disgust
atherosclerosis,fear
atherosclerosis,sadness
atone,joy
atrocious,anger
atrocious,disgust
atrocity,anger
atrocity,disgust
atrocity,fear
atrocity,sadness
atrophy,disgust
atrophy,fear
atrophy,sadness
attack,anger
attack,fear
attacking,anger
attacking,disgust
attacking,fear
attacking,sadness
attenuation,sadness
attorney,anger
attorney,fear
auditor,fear
auspicious,joy
austere,fear
austere,sadness
authentic,joy
autopsy,disgust
autopsy,fear
autopsy,sadness
avalanche,fear
avalanche,sadness
avarice,anger
avarice,disgust
avenger,anger
averse,anger
averse,disgust
averse,fear
aversion,anger
aversion,disgust
aversion,fear
avoid,fear
avoidance,fear
avoiding,fear
award,joy
awful,anger
awful,disgust
awful,fear
awful,sadness
awkwardness,disgust
baboon,disgust
baby,joy
backbone,anger
backwards,disgust
backwater,sadness
bacteria,disgust
bacteria,fear
bacteria,sadness
bacterium,disgust
bacterium,fear
bad,anger
bad,disgust
bad,fear
bad,sadness
badger,anger
badly,sadness
badness,anger
badness,disgust
badness,fear
bailiff,fear
bait,fear
bale,fear
balm,joy
bane,anger
bane,disgust
bane,fear
bang,anger
bang,disgust
bang,fear
bang,sadness
banger,anger
banger,fear
banish,anger
banish,disgust
banish,fear
banish,sadness
banished,anger
banished,fear
banished,sadness
banishment,anger
banishment,disgust
banishment,sadness
bankrupt,fear
bankrupt,sadness
bankruptcy,anger
bankruptcy,disgust
bankruptcy,fear
bankruptcy,sadness
banquet,joy
banshee,anger
banshee,disgust
banshee,fear
banshee,sadness
baptismal,joy
barb,anger
barbarian,fear
barbaric,anger
barbaric,disgust
barbaric,fear
barf,disgust
bark,anger
barren,sadness
barricade,fear
barrier,anger
barrow,disgust
basketball,joy
bastard,disgust
bastard,sadness
bastion,anger
battalion,anger
batter,anger
batter,fear
battered,fear
battered,sadness
battery,anger
battle,anger
battled,anger
battled,fear
battled,sadness
battlefield,fear
bayonet,anger
bayonet,fear
beach,joy
beam,joy
beaming,joy
bear,anger
bear,fear
bearish,anger
bearish,fear
beast,anger
beast,fear
beastly,disgust
beastly,fear
beating,anger
beating,fear
beating,sadness
beautification,joy
beautiful,joy
beautify,joy
beauty,joy
bee,anger
bee,fear
beer,joy
befriend,joy
beg,sadness
beggar,sadness
behemoth,fear
belittle,anger
belittle,disgust
belittle,fear
belittle,sadness
belligerent,anger
belligerent,fear
bellows,anger
belt,anger
belt,fear
benevolence,joy
benign,joy
bereaved,sadness
bereavement,sadness
berserk,anger
bestial,disgust
bestial,fear
betray,anger
betray,disgust
betray,sadness
betrayal,anger
betrayal,disgust
betrayal,sadness
betrothed,joy
beware,fear
bewildered,fear
bewilderment,fear
bias,anger
bickering,anger
bickering,disgust
bier,fear
bier,sadness
bigot,anger
bigot,disgust
bigot,fear
bigoted,anger
bigoted,disgust
bigoted,fear
bigoted,sadness
bile,anger
bile,disgust
biopsy,fear
birch,anger
birch,disgust
birch,fear
birth,fear
birth,joy
birthday,joy
birthplace,anger
bitch,anger
bitch,disgust
bitch,fear
bitch,sadness
bitterly,anger
bitterly,disgust
bitterly,sadness
bitterness,anger
bitterness,disgust
bitterness,sadness
blackmail,anger
blackmail,fear
blackness,fear
blackness,sadness
blame,anger
blame,disgust
blasphemous,anger
blasphemous,disgust
blasphemy,anger
blast,anger
blast,fear
blatant,anger
blatant,disgust
blaze,anger
bleak,sadness
bleeding,disgust
bleeding,fear
bleeding,sadness
blemish,anger
blemish,disgust
blemish,fear
blemish,sadness
bless,joy
blessed,joy
blessing,joy
blessings,joy
blight,disgust
blight,fear
blight,sadness
blighted,disgust
blighted,sadness
blindfold,fear
blindly,sadness
blindness,sadness
bliss,joy
blissful,joy
blister,disgust
bloated,disgust
blob,disgust
blob,fear
blockade,anger
blockade,fear
blockade,sadness
bloodshed,anger
bloodshed,disgust
bloodshed,fear
bloodshed,sadness
bloodthirsty,anger
bloodthirsty,disgust
bloodthirsty,fear
bloody,anger
bloody,disgust
bloody,fear
bloody,sadness
bloom,joy
blossom,joy
blue,sadness
blues,fear
blues,sadness
blunder,disgust
blunder,sadness
bogus,anger
bogus,disgust
boil,disgust
boisterous,anger
boisterous,joy
bomb,anger
bomb,fear
bomb,sadness
bombard,anger
bombard,fear
bombardment,anger
bombardment,fear
bombed,disgust
bomber,fear
bomber,sadness
bonanza,joy
bondage,fear
bondage,sadness
bonus,joy
boredom,sadness
bothering,anger
bothering,sadness
bottom,sadness
bottomless,fear
bountiful,joy
bounty,joy
bouquet,joy
bout,anger
bovine,disgust
bowels,disgust
boxing,anger
bran,disgust
brawl,anger
brawl,disgust
brawl,fear
brazen,anger
breakup,sadness
bribery,disgust
bridal,joy
bride,joy
bridegroom,joy
bridesmaid,joy
brigade,fear
brighten,joy
brilliant,joy
brimstone,anger
brimstone,fear
broil,anger
broke,fear
broke,sadness
broken,anger
broken,fear
broken,sadness
brothel,disgust
brotherly,joy
brunt,anger
brutal,anger
brutal,fear
brutality,anger
brutality,fear
brute,anger
brute,fear
brute,sadness
buck,fear
buddy,joy
buffet,anger
bug,disgust
bug,fear
bugaboo,anger
bugaboo,fear
bugaboo,sadness
bully,anger
bully,fear
bum,disgust
bum,sadness
bummer,anger
bummer,disgust
bunker,fear
burdensome,fear
burdensome,sadness
bureaucrat,disgust
burglar,disgust
burglar,fear
burial,anger
burial,fear
burial,sadness
buried,fear
buried,sadness
burke,anger
burke,disgust
burke,fear
burke,sadness
burnt,disgust
bury,sadness
buss,joy
busted,anger
busted,fear
butcher,anger
butcher,disgust
butcher,fear
buzz,fear
cabal,fear
cacophony,anger
cacophony,disgust
cad,anger
cad,disgust
cadaver,disgust
cadaver,fear
cadaver,sadness
cage,sadness
calamity,sadness
calf,joy
callous,anger
callous,disgust
campaigning,anger
campaigning,fear
cancel,sadness
cancer,anger
cancer,disgust
cancer,fear
cancer,sadness
candid,joy
cane,anger
cane,fear
canker,anger
canker,disgust
cannibal,disgust
cannibal,fear
cannibalism,disgust
cannon,anger
cannon,fear
captivate,joy
captive,fear
captive,sadness
captivity,sadness
captor,fear
carcass,disgust
carcass,fear
carcass,sadness
carcinoma,fear
carcinoma,sadness
cardiomyopathy,fear
cardiomyopathy,sadness
carelessness,anger
carelessness,disgust
caries,disgust
carnage,anger
carnage,disgust
carnage,fear
carnage,sadness
carnivorous,fear
carol,joy
cartridge,fear
case,fear
case,sadness
cash,anger
cash,fear
cash,joy
casket,fear
casket,sadness
casualty,anger
casualty,fear
casualty,sadness
cataract,fear
cataract,sadness
catastrophe,anger
catastrophe,disgust
catastrophe,fear
catastrophe,sadness
catechism,disgust
cathedral,joy
caution,anger
caution,fear
cautionary,fear
cautious,fear
cautiously,fear
celebrated,joy
celebrating,joy
celebration,joy
celebrity,anger
celebrity,disgust
celebrity,joy
celestial,joy
cemetery,fear
cemetery,sadness
censor,anger
censor,disgust
censor,fear
ceremony,joy
cess,disgust
chaff,anger
chaff,fear
chagrin,disgust
chagrin,sadness
challenge,anger
challenge,fear
champion,joy
change,fear
chant,anger
chant,joy
chaos,anger
chaos,fear
chaos,sadness
chaotic,anger
chargeable,fear
chargeable,sadness
charitable,joy
charity,joy
charmed,joy
chasm,fear
cheat,anger
cheat,disgust
cheer,joy
cheerful,joy
cheerfulness,joy
cheering,joy
cheery,joy
cherish,joy
chicken,fear
child,joy
childhood,joy
chimera,fear
chirp,joy
chocolate,joy
choir,joy
choke,anger
choke,sadness
cholera,disgust
cholera,fear
cholera,sadness
choral,joy
chronic,sadness
chuckle,joy
church,joy
civilized,joy
claimant,anger
claimant,disgust
clamor,anger
clamor,disgust
clap,joy
clash,anger
clashing,anger
clashing,fear
classics,joy
claw,anger
claw,fear
clean,joy
cleave,fear
cliff,fear
climax,joy
closeness,joy
closure,joy
closure,sadness
clouded,sadness
cloudiness,fear
cloudy,sadness
clown,joy
clumsy,disgust
cobra,fear
cocaine,sadness
coerce,anger
coerce,disgust
coerce,fear
coercion,anger
coercion,disgust
coercion,fear
coercion,sadness
coffin,fear
coffin,sadness
coldness,anger
coldness,disgust
coldness,fear
coldness,sadness
collapse,disgust
collapse,fear
collapse,sadness
collision,anger
collusion,anger
collusion,disgust
collusion,fear
collusion,sadness
coma,fear
coma,sadness
comatose,fear
comatose,sadness
combat,anger
combat,fear
combatant,anger
combatant,fear
combative,anger
combative,fear
comfort,joy
commemorate,joy
commemorate,sadness
commemoration,joy
commendable,joy
committal,sadness
commotion,anger
communion,joy
communism,anger
communism,fear
communism,sadness
companion,joy
compassion,fear
compensate,joy
complain,anger
complain,sadness
complaint,anger
complement,joy
completing,joy
completion,joy
complicate,anger
compliment,joy
compost,disgust
compress,anger
compulsion,anger
conceal,sadness
concealed,fear
concealment,anger
concealment,fear
concerned,fear
concerned,sadness
conciliation,joy
concussion,anger
concussion,sadness
condemn,anger
condemnation,anger
condemnation,disgust
condemnation,fear
condemnation,sadness
condescension,anger
condescension,disgust
condescension,sadness
condolence,sadness
confession,fear
confession,sadness
confessional,fear
confidence,fear
confidence,joy
confident,joy
confine,anger
confine,fear
confine,sadness
confined,anger
confined,disgust
confined,fear
confined,sadness
confinement,anger
confinement,fear
confinement,sadness
confiscate,anger
confiscate,sadness
conflagration,anger
conflagration,fear
conflict,anger
conflict,fear
conflict,sadness
confront,anger
confusion,anger
confusion,fear
congratulatory,joy
congress,disgust
connoisseur,joy
conquest,anger
conquest,fear
consecration,joy
consecration,sadness
console,sadness
conspiracy,fear
conspirator,anger
conspirator,disgust
conspirator,fear
conspire,fear
consternation,anger
consternation,fear
constipation,disgust
constrain,fear
constraint,anger
constraint,fear
constraint,sadness
contagion,disgust
contagion,fear
contagious,disgust
contagious,fear
contaminate,disgust
contaminated,disgust
contaminated,fear
contaminated,sadness
contamination,disgust
contempt,anger
contempt,disgust
contempt,fear
contemptible,anger
contemptible,disgust
contemptuous,anger
content,joy
contentious,anger
contentious,disgust
contentious,fear
contraband,anger
contraband,disgust
contraband,fear
contradict,anger
controversial,anger
convict,anger
convict,disgust
convict,fear
convict,sadness
coop,anger
coop,disgust
cop,fear
copycat,anger
copycat,disgust
coronation,joy
corpse,disgust
corpse,sadness
corrosive,fear
corrupting,anger
corrupting,disgust
corrupting,fear
corrupting,sadness
corruption,disgust
corse,sadness
couch,sadness
cough,disgust
counsellor,anger
counsellor,fear
coup,anger
courageous,fear
court,anger
court,fear
courtship,joy
cove,disgust
cove,fear
cove,joy
coward,disgust
coward,fear
coward,sadness
cowardice,fear
cowardly,fear
coy,fear
coyote,fear
crabby,anger
cracked,anger
cracked,fear
cradle,joy
cranky,anger
crap,disgust
crash,fear
crash,sadness
crawl,disgust
crazed,anger
crazed,fear
crazy,anger
crazy,fear
crazy,sadness
cream,joy
create,joy
creature,disgust
creature,fear
cremation,sadness
crescendo,joy
crime,anger
criminal,anger
criminal,disgust
criminal,fear
criminality,anger
criminality,disgust
criminality,fear
cringe,disgust
cringe,fear
cringe,sadness
cripple,fear
cripple,sadness
crippled,sadness
criticism,anger
criticism,sadness
criticize,anger
criticize,disgust
criticize,fear
criticize,sadness
critter,disgust
crocodile,fear
cross,anger
cross,fear
cross,sadness
crouch,fear
crouching,fear
crowning,joy
crucifixion,anger
crucifixion,disgust
crucifixion,fear
crucifixion,sadness
crude,disgust
cruel,anger
cruel,disgust
cruel,fear
cruel,sadness
cruelly,anger
cruelly,fear
cruelty,anger
cruelty,disgust
cruelty,fear
cruelty,sadness
crumbling,sadness
crunch,anger
crusade,anger
crusade,fear
crushed,anger
crushed,disgust
crushed,fear
crushed,sadness
crushing,anger
crushing,disgust
crushing,fear
crusty,disgust
cry,sadness
crying,sadness
crypt,fear
crypt,sadness
cuckold,disgust
cuddle,joy
cult,fear
cumbersome,sadness
cupping,disgust
cupping,fear
cupping,sadness
cur,anger
cur,disgust
cur,fear
curse,anger
curse,disgust
curse,fear
curse,sadness
cursed,anger
cursed,fear
cursed,sadness
cursing,anger
cursing,disgust
cussed,anger
cutter,fear
cutthroat,anger
cutthroat,fear
cutting,anger
cutting,disgust
cutting,fear
cutting,sadness
cyanide,fear
cyclone,fear
cyst,fear
cyst,sadness
cystic,disgust
cytomegalovirus,sadness
dabbling,anger
dabbling,disgust
daemon,anger
daemon,disgust
daemon,fear
daemon,sadness
daft,disgust
dagger,fear
damage,anger
damage,disgust
damage,sadness
damages,sadness
dame,anger
dame,disgust
damn,anger
damn,disgust
damnation,anger
damnation,fear
damnation,sadness
dance,joy
dandy,disgust
danger,fear
danger,sadness
dangerous,fear
dank,disgust
dark,sadness
darken,fear
darken,sadness
darkened,fear
darkened,sadness
darkness,anger
darkness,fear
darkness,sadness
darling,joy
dart,fear
dashed,anger
dashed,fear
dashed,sadness
dastardly,anger
dastardly,disgust
dastardly,fear
daughter,joy
dawn,joy
deadly,anger
deadly,disgust
deadly,fear
deadly,sadness
deal,joy
death,anger
death,disgust
death,fear
death,sadness
debacle,fear
debacle,sadness
debauchery,disgust
debauchery,fear
debris,disgust
debt,sadness
decay,fear
decay,sadness
decayed,disgust
decayed,sadness
deceased,sadness
deceit,anger
deceit,disgust
deceit,fear
deceit,sadness
deceitful,disgust
deceitful,sadness
deceive,anger
deceive,disgust
deceive,sadness
deceived,anger
decompose,disgust
decomposed,sadness
decomposition,disgust
decomposition,fear
decomposition,sadness
decry,anger
defamation,disgust
defamation,fear
defamatory,anger
default,disgust
default,fear
default,sadness
defeated,sadness
defect,anger
defection,fear
defective,disgust
defend,fear
defendant,anger
defendant,fear
defendant,sadness
defense,anger
defense,fear
defenseless,fear
defenseless,sadness
defiance,anger
defiance,disgust
defiance,fear
defiant,anger
deflate,anger
deflate,sadness
deflation,fear
deform,disgust
deformed,disgust
deformed,sadness
deformity,disgust
deformity,fear
deformity,sadness
defraud,anger
defraud,disgust
defunct,sadness
defy,anger
defy,fear
defy,sadness
degeneracy,anger
degeneracy,disgust
degeneracy,sadness
degrade,disgust
degrading,disgust
degrading,fear
degrading,sadness
delay,anger
delay,disgust
delay,fear
delay,sadness
deleterious,anger
deleterious,disgust
deleterious,fear
delicious,joy
delight,joy
delighted,joy
delightful,joy
delinquent,anger
delinquent,disgust
delirious,sadness
delirium,disgust
delirium,sadness
deliverance,joy
deluge,fear
deluge,sadness
delusion,anger
delusion,fear
delusion,sadness
delusional,anger
delusional,fear
demand,anger
demented,fear
dementia,fear
dementia,sadness
demise,fear
demise,sadness
demolish,anger
demolish,sadness
demon,anger
demon,disgust
demon,fear
demon,sadness
demonic,anger
demonic,disgust
demonic,fear
demonic,sadness
demonstrative,joy
demonstrative,sadness
demoralized,fear
demoralized,sadness
denied,sadness
denounce,anger
denounce,disgust
dentistry,fear
denunciation,anger
denunciation,disgust
denunciation,fear
deny,anger
depart,sadness
departed,sadness
departure,sadness
dependence,fear
dependence,sadness
deplorable,anger
deplorable,disgust
deplorable,fear
deplorable,sadness
deplore,anger
deplore,disgust
deplore,sadness
deport,fear
deport,sadness
deportation,anger
deportation,fear
deportation,sadness
depraved,anger
depraved,disgust
depraved,fear
depraved,sadness
depravity,anger
depravity,disgust
depreciate,anger
depreciate,disgust
depreciated,anger
depreciated,disgust
depreciated,fear
depreciated,sadness
depreciation,fear
depress,fear
depress,sadness
depressed,anger
depressed,fear
depressed,sadness
depressing,disgust
depressing,sadness
depression,sadness
depressive,sadness
deprivation,anger
deprivation,disgust
deprivation,fear
deprivation,sadness
deranged,anger
deranged,disgust
deranged,fear
derision,anger
derision,disgust
derogation,anger
derogation,disgust
derogation,fear
derogation,sadness
derogatory,anger
derogatory,disgust
derogatory,fear
derogatory,sadness
descent,fear
descent,sadness
desecration,anger
desecration,disgust
desecration,fear
desecration,sadness
desert,anger
desert,disgust
desert,fear
desert,sadness
deserted,anger
deserted,disgust
deserted,fear
deserted,sadness
deserve,anger
desist,anger
desist,disgust
desolation,fear
desolation,sadness
despair,anger
despair,disgust
despair,fear
despair,sadness
despairing,fear
despairing,sadness
despicable,anger
despicable,disgust
despise,anger
despise,disgust
despotic,fear
despotism,anger
despotism,disgust
despotism,fear
despotism,sadness
destination,fear
destination,joy
destination,sadness
destitute,fear
destitute,sadness
destroyed,anger
destroyed,fear
destroyed,sadness
destroyer,anger
destroyer,fear
destroying,anger
destroying,fear
destroying,sadness
destruction,anger
destructive,anger
destructive,disgust
destructive,fear
detainee,anger
detainee,fear
detainee,sadness
detention,sadness
deteriorate,fear
deteriorate,sadness
deteriorated,disgust
deteriorated,sadness
deterioration,anger
deterioration,disgust
deterioration,fear
deterioration,sadness
detest,anger
detest,disgust
detonate,fear
detonation,anger
detract,anger
devastate,anger
devastate,fear
devastate,sadness
devastating,anger
devastating,disgust
devastating,fear
devastating,sadness
devastation,anger
devastation,fear
devastation,sadness
deviation,sadness
devil,anger
devil,disgust
devil,fear
devil,sadness
devilish,disgust
devilish,fear
devout,joy
diabolical,anger
diabolical,disgust
diabolical,fear
diagnosis,fear
diamond,joy
diaper,disgust
diarrhoea,disgust
diary,joy
diatribe,anger
diatribe,disgust
dictator,fear
dictatorial,anger
dictatorship,anger
dictatorship,disgust
dictatorship,fear
dictatorship,sadness
die,fear
die,sadness
difficult,fear
difficulties,sadness
difficulty,anger
difficulty,fear
difficulty,sadness
dike,fear
dilapidated,disgust
dilapidated,sadness
diminish,sadness
dinosaur,fear
dire,disgust
dire,fear
dire,sadness
dirt,disgust
dirty,disgust
disability,sadness
disable,fear
disable,sadness
disabled,fear
disabled,sadness
disagree,anger
disagreeing,anger
disagreeing,sadness
disagreement,anger
disagreement,sadness
disallowed,anger
disallowed,disgust
disallowed,fear
disallowed,sadness
disappear,fear
disappoint,anger
disappoint,disgust
disappoint,sadness
disappointed,anger
disappointed,disgust
disappointed,sadness
disappointing,sadness
disappointment,disgust
disappointment,sadness
disapproval,sadness
disapprove,anger
disapprove,disgust
disapprove,fear
disapprove,sadness
disapproved,anger
disapproved,sadness
disapproving,anger
disapproving,disgust
disapproving,sadness
disaster,anger
disaster,disgust
disaster,fear
disaster,sadness
disastrous,anger
disastrous,fear
disastrous,sadness
discipline,fear
disclaim,anger
disclaim,disgust
discoloration,disgust
discolored,disgust
discolored,sadness
discomfort,sadness
disconnect,sadness
disconnected,sadness
discontent,anger
discontent,disgust
discontent,fear
discontent,sadness
discontinuity,disgust
discontinuity,fear
discontinuity,sadness
discord,anger
discord,disgust
discourage,fear
discourage,sadness
discriminate,anger
discriminate,sadness
discriminating,disgust
discrimination,anger
discrimination,disgust
discrimination,fear
discrimination,sadness
disdain,anger
disdain,disgust
disease,anger
disease,disgust
disease,fear
disease,sadness
diseased,disgust
diseased,fear
diseased,sadness
disembodied,fear
disembodied,sadness
disfigured,anger
disfigured,disgust
disfigured,fear
disfigured,sadness
disgrace,anger
disgrace,disgust
disgrace,sadness
disgraced,anger
disgraced,disgust
disgraced,sadness
disgraceful,anger
disgraceful,disgust
disgruntled,anger
disgruntled,disgust
disgruntled,sadness
disgust,anger
disgust,disgust
disgust,fear
disgust,sadness
disgusting,anger
disgusting,disgust
disgusting,fear
disheartened,sadness
disheartening,sadness
dishonest,anger
dishonest,disgust
dishonest,sadness
dishonesty,disgust
dishonor,anger
dishonor,disgust
dishonor,fear
dishonor,sadness
disillusionment,anger
disillusionment,disgust
disillusionment,sadness
disinformation,anger
disinformation,fear
disingenuous,disgust
disintegrate,disgust
disintegrate,fear
dislike,anger
dislike,disgust
disliked,anger
disliked,sadness
dislocated,anger
dislocated,disgust
dislocated,fear
dislocated,sadness
dismal,disgust
dismal,fear
dismal,sadness
dismay,anger
dismay,fear
dismay,sadness
dismemberment,disgust
dismemberment,fear
dismemberment,sadness
dismissal,anger
dismissal,disgust
dismissal,fear
dismissal,sadness
disobedience,anger
disobedience,disgust
disobedient,anger
disobey,anger
disobey,disgust
disorder,fear
disparage,anger
disparage,disgust
disparage,sadness
disparaging,anger
disparaging,disgust
disparaging,sadness
disparity,anger
disparity,disgust
disparity,sadness
dispassionate,sadness
dispel,sadness
displaced,anger
displaced,fear
displaced,sadness
displeased,anger
displeased,disgust
displeased,fear
displeased,sadness
displeasure,disgust
dispose,disgust
dispossessed,anger
dispossessed,fear
dispossessed,sadness
dispute,anger
disqualified,anger
disqualified,disgust
disqualified,sadness
disqualify,sadness
disregarded,disgust
disreputable,anger
disreputable,disgust
disreputable,fear
disrespect,anger
disrespectful,anger
disrespectful,disgust
disrespectful,fear
disrespectful,sadness
disruption,anger
disruption,fear
dissection,disgust
dissension,anger
disservice,anger
disservice,disgust
disservice,sadness
dissident,anger
dissident,fear
dissolution,anger
dissolution,fear
dissolution,sadness
dissonance,anger
distaste,disgust
distasteful,disgust
distorted,disgust
distracted,anger
distracting,anger
distraught,sadness
distress,anger
distress,disgust
distress,fear
distress,sadness
distressed,fear
distressing,anger
distressing,fear
distrust,anger
distrust,disgust
distrust,fear
disturbance,anger
disturbance,fear
disturbance,sadness
disturbed,anger
disturbed,sadness
disused,anger
ditty,joy
divorce,anger
divorce,disgust
divorce,fear
divorce,sadness
doldrums,sadness
dole,sadness
doll,joy
dolor,sadness
dolphin,joy
dominant,fear
dominate,anger
dominate,fear
domination,anger
domination,fear
domination,sadness
dominion,fear
donkey,disgust
doom,fear
doomed,fear
doomed,sadness
doomsday,anger
doomsday,disgust
doomsday,fear
doomsday,sadness
doubt,fear
doubt,sadness
dove,joy
downfall,fear
downfall,sadness
drab,sadness
dragon,fear
dread,fear
dreadful,anger
dreadful,disgust
dreadful,fear
dreadful,sadness
dreadfully,disgust
dreadfully,fear
dreadfully,sadness
dreary,sadness
drivel,disgust
drool,disgust
drown,fear
drown,sadness
drugged,sadness
drunken,disgust
dubious,fear
duel,anger
duel,fear
dull,sadness
dumps,anger
dumps,sadness
dung,disgust
dungeon,fear
dupe,anger
duplicity,anger
duress,anger
duress,disgust
duress,fear
duress,sadness
dwarfed,fear
dwarfed,sadness
dying,anger
dying,disgust
dying,fear
dying,sadness
dysentery,disgust
dysentery,sadness
eager,joy
eagerness,joy
earthquake,anger
earthquake,fear
earthquake,sadness
ecstasy,joy
ecstatic,joy
edict,fear
edification,joy
eel,fear
effigy,anger
egotistical,disgust
egregious,anger
egregious,disgust
ejaculation,joy
elated,joy
elbow,anger
electric,joy
elegance,joy
elegant,joy
elevation,fear
elevation,joy
elf,anger
elf,disgust
elf,fear
elimination,anger
elimination,disgust
elimination,fear
elimination,sadness
elite,joy
emaciated,fear
emaciated,sadness
emancipation,joy
embarrass,sadness
embarrassment,fear
embarrassment,sadness
embolism,fear
embolism,sadness
embrace,joy
emergency,fear
emergency,sadness
emptiness,sadness
enchant,joy
enchanted,joy
enchanting,joy
encourage,joy
encroachment,fear
encumbrance,anger
encumbrance,fear
encumbrance,sadness
endanger,fear
endangered,fear
endemic,disgust
endemic,fear
endemic,sadness
endless,anger
endless,fear
endless,joy
endless,sadness
endocarditis,fear
endocarditis,sadness
enema,disgust
enemy,anger
enemy,disgust
enemy,fear
enforce,anger
enforce,fear
engaged,joy
engaging,joy
enigmatic,fear
enjoy,joy
enjoying,joy
enlighten,joy
enlightenment,joy
enliven,joy
enmity,anger
enmity,fear
enmity,sadness
enslaved,anger
enslaved,disgust
enslaved,fear
enslaved,sadness
entangled,anger
entangled,disgust
entangled,fear
entangled,sadness
entertain,joy
entertained,joy
entertaining,joy
entertainment,joy
enthusiasm,joy
enthusiast,joy
entrails,disgust
epidemic,anger
epidemic,disgust
epidemic,fear
epidemic,sadness
epitaph,sadness
equality,joy
eradicate,anger
eradication,anger
eradication,disgust
eradication,fear
erase,fear
erotic,joy
error,sadness
erupt,anger
eruption,anger
eruption,fear
escalate,anger
escape,fear
escaped,fear
eschew,anger
eschew,sadness
established,joy
esteem,joy
esteem,sadness
ethereal,fear
euthanasia,fear
euthanasia,sadness
evacuate,fear
evade,anger
evade,disgust
evade,fear
evanescence,sadness
evasion,fear
evasion,sadness
eventuality,fear
evergreen,joy
evict,sadness
eviction,anger
eviction,disgust
eviction,fear
eviction,sadness
evil,anger
evil,disgust
evil,fear
evil,sadness
exacerbation,anger
exacerbation,fear
exaggerate,anger
exalt,joy
exaltation,joy
exalted,joy
examination,fear
exasperation,anger
exasperation,disgust
exceed,joy
excel,joy
excellence,disgust
excellence,joy
excellent,joy
excitation,anger
excitation,fear
excitation,joy
excite,anger
excite,fear
excite,joy
excited,joy
excitement,joy
exciting,joy
excluded,disgust
excluded,sadness
excluding,sadness
exclusion,disgust
exclusion,fear
exclusion,sadness
excrement,disgust
excretion,disgust
excruciating,fear
execution,anger
execution,fear
execution,sadness
executioner,anger
executioner,fear
executioner,sadness
exhausted,sadness
exhaustion,sadness
exhilaration,joy
exigent,disgust
exigent,fear
exile,anger
exile,fear
exile,sadness
exorcism,fear
exorcism,sadness
expedient,joy
expel,anger
expel,disgust
expel,fear
expel,sadness
expire,sadness
expletive,anger
explode,anger
explode,fear
explode,sadness
explosion,fear
explosive,anger
explosive,fear
expose,fear
expulsion,anger
expulsion,disgust
expulsion,fear
expulsion,sadness
exquisite,joy
exterminate,fear
exterminate,sadness
extermination,anger
extermination,fear
extinct,sadness
extinguish,anger
extrajudicial,fear
exuberance,joy
faeces,disgust
failing,anger
failing,fear
failing,sadness
failure,disgust
failure,fear
failure,sadness
fain,joy
fainting,fear
fainting,sadness
faith,joy
faithless,sadness
fall,sadness
fallacious,anger
falling,sadness
falsehood,anger
falsification,anger
falsify,disgust
falsity,disgust
falter,fear
familiarity,joy
famine,sadness
fanaticism,fear
fancy,joy
fanfare,joy
fang,fear
fangs,fear
farcical,disgust
fasting,sadness
fat,disgust
fat,sadness
fatal,anger
fatal,fear
fatal,sadness
fatality,fear
fatality,sadness
fatigued,sadness
fatty,disgust
fatty,sadness
fault,sadness
favorable,joy
favorite,joy
fear,anger
fear,fear
fearful,fear
fearful,sadness
fearfully,fear
fearfully,sadness
fearing,fear
fearless,fear
feat,joy
fecal,disgust
feces,disgust
fee,anger
feeble,sadness
feeling,anger
feeling,disgust
feeling,fear
feeling,joy
feeling,sadness
felicity,joy
fell,sadness
felon,fear
fenced,anger
ferocious,anger
ferocious,disgust
ferocious,fear
ferocity,anger
fervor,anger
fervor,joy
festival,joy
festive,joy
fete,joy
feud,anger
feudalism,anger
feudalism,sadness
fever,fear
fib,anger
fidelity,joy
fiend,anger
fiend,disgust
fiend,fear
fierce,anger
fierce,disgust
fierce,fear
fiesta,joy
fight,anger
fight,fear
fighting,anger
filth,disgust
filthy,disgust
finally,disgust
finally,joy
fire,fear
firearms,anger
firearms,fear
firstborn,joy
fits,anger
fitting,joy
flabby,disgust
flaccid,sadness
flagrant,anger
flagrant,disgust
flattering,joy
flatulence,disgust
flaw,sadness
flea,disgust
fled,fear
flee,fear
fleece,anger
fleece,disgust
fleece,sadness
flesh,disgust
flinch,disgust
flinch,fear
flinch,sadness
flirt,joy
flog,anger
flog,disgust
flog,fear
flog,sadness
flood,fear
flop,disgust
flop,sadness
flounder,fear
flounder,sadness
flu,fear
fluctuation,anger
fluctuation,fear
flying,fear
foe,anger
foe,fear
fondness,joy
food,joy
fool,disgust
football,joy
foray,anger
forbid,sadness
forbidding,anger
forbidding,fear
force,anger
force,fear
forced,fear
forcibly,anger
forcibly,fear
forearm,anger
foreboding,fear
foreclose,fear
foreclose,sadness
forefathers,joy
foreigner,fear
forewarned,fear
forfeit,anger
forfeit,sadness
forfeiture,fear
forfeiture,sadness
forgotten,fear
forgotten,sadness
forlorn,sadness
formidable,fear
forsake,sadness
forsaken,anger
forsaken,sadness
fortitude,joy
fortress,fear
fortress,sadness
fortune,joy
foul,anger
foul,disgust
foul,fear
found,joy
fragile,fear
fragile,sadness
frailty,sadness
frantic,disgust
frantic,fear
fraternal,joy
fraud,anger
fraudulent,anger
fraudulent,disgust
fraught,fear
fraught,sadness
frayed,sadness
freakish,disgust
freakish,fear
freedom,joy
freely,joy
frenetic,anger
frenetic,fear
frenzied,anger
frenzied,fear
fret,fear
friction,anger
friend,joy
friendliness,joy
friendly,joy
friendship,joy
frigate,fear
fright,fear
frighten,fear
frighten,sadness
frightened,fear
frightful,anger
frightful,fear
frightful,sadness
frisky,joy
frolic,joy
frown,sadness
frowning,anger
frowning,disgust
frowning,sadness
fruitless,sadness
frustrate,anger
frustrate,disgust
frustrate,sadness
frustrated,anger
frustration,anger
fugitive,anger
fugitive,disgust
fugitive,fear
fugitive,sadness
fulfill,joy
fulfillment,joy
fuming,anger
fun,joy
funeral,sadness
fungus,disgust
funk,sadness
furious,anger
furious,disgust
furiously,anger
furnace,anger
furor,anger
furrow,sadness
fury,anger
fury,fear
fury,sadness
fuss,anger
fuss,sadness
fussy,disgust
futile,sadness
gaby,disgust
gag,disgust
gain,joy
gall,anger
gall,disgust
gallows,anger
gallows,fear
gallows,sadness
gang,anger
gang,fear
garbage,disgust
garden,joy
garish,disgust
gash,fear
gasping,fear
gelatin,disgust
gem,joy
generosity,joy
generous,joy
genial,joy
gent,anger
gent,disgust
gent,fear
geriatric,sadness
germ,disgust
ghastly,disgust
ghastly,fear
ghetto,disgust
ghetto,fear
ghetto,sadness
ghost,fear
ghostly,fear
giant,fear
gibberish,anger
gift,joy
giggle,joy
glad,joy
gladiator,fear
gladness,joy
glare,anger
glare,fear
glaring,anger
glee,joy
glide,joy
glimmer,joy
glitter,disgust
glitter,joy
gloom,sadness
gloomy,sadness
glorification,joy
glorify,joy
glory,joy
glow,joy
glum,sadness
glut,disgust
gluttony,disgust
gnome,anger
gnome,disgust
gnome,fear
gob,disgust
goblin,disgust
goblin,fear
god,fear
god,joy
godless,anger
godly,joy
godsend,joy
gonorrhea,anger
gonorrhea,disgust
gonorrhea,fear
gonorrhea,sadness
goo,disgust
good,joy
goodness,joy
gore,anger
gore,disgust
gore,fear
gore,sadness
gorge,disgust
gorgeous,joy
gory,anger
gory,disgust
gory,fear
gory,sadness
government,fear
grab,anger
graduation,fear
graduation,joy
grandchildren,joy
grant,joy
grated,anger
gratify,joy
grating,anger
grating,disgust
gratitude,joy
gratuitous,disgust
grave,fear
grave,sadness
gray,disgust
gray,sadness
greasy,disgust
greatness,joy
greed,anger
greed,disgust
greedy,disgust
green,joy
grenade,fear
grief,sadness
grievance,anger
grievance,disgust
grievance,sadness
grieve,fear
grieve,sadness
grievous,anger
grievous,fear
grievous,sadness
grim,anger
grim,disgust
grim,fear
grim,sadness
grime,disgust
grimy,disgust
grin,joy
grisly,disgust
grisly,fear
grizzly,fear
groan,disgust
groan,sadness
grope,anger
grope,disgust
grope,fear
gross,disgust
grotesque,disgust
grounded,fear
grounded,sadness
grow,joy
growl,anger
growl,fear
growling,anger
growling,disgust
growling,fear
grudge,anger
gruesome,disgust
gruff,anger
gruff,disgust
grumble,anger
grumble,disgust
grumpy,anger
grumpy,disgust
grumpy,sadness
guard,fear
guerilla,fear
guillotine,anger
guillotine,disgust
guillotine,fear
guillotine,sadness
guilt,disgust
guilt,sadness
guilty,anger
guilty,sadness
gullible,sadness
gulp,fear
gun,anger
gun,fear
gunpowder,fear
gush,disgust
gush,joy
gut,disgust
gutter,disgust
hag,disgust
hag,fear
haggard,sadness
hairy,disgust
hallucination,fear
halter,anger
halter,fear
halter,sadness
halting,fear
halting,sadness
hamstring,anger
hamstring,sadness
handicap,sadness
hanging,anger
hanging,disgust
hanging,fear
hanging,sadness
hangman,fear
happily,joy
happiness,joy
happy,joy
harass,anger
harass,disgust
harassing,anger
harbinger,anger
harbinger,fear
hardened,anger
hardened,disgust
hardened,fear
hardship,sadness
hardy,joy
harlot,disgust
harm,fear
harmful,anger
harmful,disgust
harmful,fear
harmful,sadness
harmoniously,joy
harmony,joy
harrowing,fear
harry,anger
harry,sadness
harshness,anger
harshness,fear
harvest,joy
hate,anger
hate,disgust
hate,fear
hate,sadness
hateful,anger
hateful,disgust
hateful,fear
hateful,sadness
hating,anger
hatred,anger
hatred,disgust
hatred,fear
hatred,sadness
haughty,anger
haunt,fear
haunted,fear
haunted,sadness
havoc,anger
havoc,fear
hawk,fear
hazard,fear
hazardous,fear
haze,fear
heal,joy
healing,joy
healthful,joy
hearing,fear
hearse,fear
hearse,sadness
heartache,sadness
heartfelt,joy
heartfelt,sadness
heartily,joy
heartless,sadness
heartworm,disgust
heathen,fear
heavenly,joy
heavens,joy
hedonism,joy
heft,fear
heighten,fear
hell,anger
hell,disgust
hell,fear
hell,sadness
hellish,anger
hellish,disgust
hellish,fear
hellish,sadness
helmet,fear
helpful,joy
helpless,fear
helpless,sadness
helplessness,fear
helplessness,sadness
hemorrhage,disgust
hemorrhage,fear
hemorrhage,sadness
heretic,disgust
hermit,sadness
hero,joy
heroic,joy
heroism,joy
herpes,disgust
herpesvirus,disgust
hesitation,fear
heyday,joy
hide,fear
hideous,disgust
hideous,fear
hideous,sadness
hiding,fear
highest,fear
highest,joy
hilarious,joy
hilarity,joy
hindering,sadness
hire,joy
hiss,anger
hiss,fear
hit,anger
hoary,sadness
hoax,anger
hoax,disgust
hoax,sadness
hobby,joy
hobo,sadness
hog,disgust
holiday,joy
holiness,fear
holiness,joy
hollow,sadness
holocaust,anger
holocaust,disgust
holocaust,fear
holocaust,sadness
homeless,anger
homeless,disgust
homeless,fear
homeless,sadness
homesick,sadness
homework,fear
homicidal,anger
homicidal,fear
homicide,anger
homicide,disgust
homicide,fear
homicide,sadness
honest,anger
honest,disgust
honest,fear
honest,joy
honest,sadness
honeymoon,joy
hood,anger
hood,disgust
hood,fear
hooded,fear
hoot,anger
hoot,disgust
hope,joy
hopeful,joy
hopeless,fear
hopeless,sadness
hopelessness,anger
hopelessness,disgust
hopelessness,fear
hopelessness,sadness
horrible,anger
horrible,disgust
horrible,fear
horrid,anger
horrid,disgust
horrid,fear
horrid,sadness
horrific,anger
horrific,disgust
horrific,fear
horrific,sadness
horrified,fear
horrifying,disgust
horrifying,fear
horrifying,sadness
horror,anger
horror,disgust
horror,fear
horror,sadness
horrors,fear
horrors,sadness
hospice,sadness
hospital,fear
hospital,sadness
hostage,anger
hostage,fear
hostile,anger
hostile,disgust
hostile,fear
hostilities,anger
hostilities,fear
hostility,anger
hostility,disgust
hot,anger
howl,anger
howl,disgust
howl,fear
howl,sadness
huff,anger
huff,disgust
hug,joy
hulk,disgust
humanitarian,joy
humanity,joy
humble,disgust
humble,sadness
humbled,sadness
humbug,anger
humbug,disgust
humbug,sadness
humiliate,anger
humiliate,sadness
humiliating,disgust
humiliation,disgust
humiliation,sadness
humorous,joy
hunter,fear
hunter,sadness
hunting,anger
hunting,fear
hurrah,joy
hurricane,fear
hurt,anger
hurt,fear
hurt,sadness
hurtful,anger
hurtful,disgust
hurtful,fear
hurtful,sadness
hurting,anger
hurting,fear
hurting,sadness
hut,sadness
hydra,fear
hydrocephalus,disgust
hydrocephalus,fear
hydrocephalus,sadness
hymn,joy
hymn,sadness
hypertrophy,disgust
hypertrophy,fear
hypocrite,disgust
hypocritical,disgust
hysteria,fear
hysterical,anger
hysterical,fear
idiocy,anger
idiocy,disgust
idiocy,sadness
idiot,disgust
idiotic,anger
idiotic,disgust
idolatry,disgust
idolatry,fear
ignorant,disgust
ill,anger
ill,disgust
ill,fear
ill,sadness
illegal,anger
illegal,disgust
illegal,fear
illegal,sadness
illegality,anger
illegality,disgust
illegality,fear
illegitimate,anger
illegitimate,disgust
illegitimate,fear
illegitimate,sadness
illicit,anger
illicit,disgust
illicit,fear
illiterate,disgust
illness,fear
illness,sadness
illuminate,joy
illumination,joy
immaculate,joy
immaturity,anger
immerse,fear
immerse,joy
immigrant,fear
imminent,fear
immoral,anger
immoral,disgust
immoral,fear
immoral,sadness
immorality,anger
immorality,disgust
impeach,disgust
impeach,fear
impending,fear
impermeable,anger
impermeable,fear
implicate,anger
impolite,disgust
impossible,sadness
impotence,anger
impotence,fear
impotence,sadness
imprisoned,anger
imprisoned,disgust
imprisoned,fear
imprisoned,sadness
imprisonment,anger
imprisonment,disgust
imprisonment,fear
imprisonment,sadness
improve,joy
improvement,joy
imprudent,sadness
impure,disgust
impurity,disgust
inability,sadness
inadequate,sadness
inadmissible,anger
inadmissible,disgust
inappropriate,anger
inappropriate,disgust
inappropriate,sadness
inattention,anger
inauguration,joy
incarceration,anger
incarceration,disgust
incarceration,fear
incarceration,sadness
incase,anger
incase,disgust
incase,fear
incase,sadness
incendiary,anger
incendiary,fear
incense,anger
incest,anger
incest,disgust
incest,fear
incest,sadness
incestuous,disgust
incite,anger
incite,fear
income,joy
income,sadness
incompatible,anger
incompatible,disgust
incompatible,sadness
incompetent,anger
incompetent,sadness
incongruous,anger
inconsequential,sadness
inconsiderate,anger
inconsiderate,disgust
inconsiderate,sadness
inconvenient,anger
inconvenient,disgust
inconvenient,sadness
incredulous,anger
incredulous,disgust
incrimination,fear
incrimination,sadness
incubus,disgust
incubus,fear
incurable,anger
incurable,disgust
incurable,fear
incurable,sadness
incursion,fear
indecency,anger
indecency,disgust
indecent,disgust
indefensible,fear
indenture,anger
independence,joy
indict,anger
indict,fear
indictment,fear
indifference,anger
indifference,disgust
indifference,fear
indifference,sadness
indigent,sadness
indignant,anger
indignation,anger
indignation,disgust
indoctrination,anger
indoctrination,fear
indomitable,fear
ineffectual,disgust
inefficiency,disgust
inefficiency,sadness
inefficient,sadness
inept,anger
inept,disgust
ineptitude,disgust
ineptitude,fear
ineptitude,sadness
inequality,anger
inequality,fear
inequality,sadness
inexcusable,anger
inexcusable,disgust
inexcusable,sadness
infamous,anger
infamous,disgust
infamous,fear
infamy,sadness
infant,fear
infant,joy
infanticide,anger
infanticide,disgust
infanticide,fear
infanticide,sadness
infantile,anger
infantile,disgust
infarct,fear
infect,disgust
infection,fear
infectious,disgust
infectious,fear
infectious,sadness
inferior,sadness
inferno,anger
inferno,fear
infertility,sadness
infestation,disgust
infestation,fear
infidel,anger
infidel,disgust
infidel,fear
infidelity,anger
infidelity,disgust
infidelity,fear
infidelity,sadness
infinity,joy
infirmity,fear
inflation,fear
inflict,anger
inflict,fear
inflict,sadness
infliction,fear
infliction,sadness
infraction,anger
inheritance,joy
inhibit,anger
inhibit,disgust
inhibit,sadness
inhospitable,sadness
inhuman,anger
inhuman,disgust
inhuman,fear
inhuman,sadness
inhumanity,sadness
inimical,anger
inimical,sadness
iniquity,disgust
injection,fear
injure,anger
injure,fear
injure,sadness
injured,fear
injured,sadness
injurious,anger
injurious,fear
injurious,sadness
injury,anger
injury,fear
injury,sadness
injustice,anger
inmate,disgust
inmate,fear
inoperative,anger
insane,anger
insane,fear
insanity,anger
insanity,disgust
insanity,fear
insanity,sadness
insecure,anger
insecure,fear
insecure,sadness
insecurity,fear
inseparable,joy
insidious,anger
insidious,disgust
insidious,fear
insignificant,anger
insignificant,sadness
insolvency,fear
insolvency,sadness
insolvent,fear
insolvent,sadness
inspiration,joy
inspire,joy
inspired,joy
instability,disgust
instability,fear
instinctive,anger
instinctive,disgust
instinctive,fear
insufficiency,anger
insult,anger
insult,disgust
insult,sadness
insulting,anger
insulting,disgust
insulting,fear
insulting,sadness
insurmountable,fear
insurmountable,sadness
insurrection,anger
intelligence,fear
intelligence,joy
intense,anger
intense,disgust
intense,fear
intense,joy
inter,sadness
intercede,fear
intercede,sadness
interested,disgust
interested,sadness
interior,disgust
interment,sadness
interminable,anger
interrogate,fear
interrogation,fear
interrupt,anger
interrupted,sadness
intervention,sadness
interviewer,fear
intestinal,disgust
intimate,joy
intimately,fear
intimately,joy
intimidate,fear
intimidation,anger
intimidation,fear
intolerable,anger
intolerance,anger
intolerance,disgust
intolerance,fear
intolerant,anger
intolerant,disgust
intolerant,fear
intolerant,sadness
intoxicated,disgust
intractable,anger
intrigue,fear
intruder,anger
intruder,fear
intrusion,fear
intrusive,anger
intrusive,disgust
intrusive,fear
invade,anger
invade,fear
invade,sadness
invader,anger
invader,fear
invader,sadness
invalid,sadness
invasion,anger
invite,joy
inviting,joy
involution,anger
involvement,anger
irate,anger
ire,anger
iris,fear
irrational,disgust
irrational,fear
irreconcilable,anger
irreconcilable,fear
irreconcilable,sadness
irreparable,fear
irreparable,sadness
irritability,anger
irritable,anger
irritating,anger
irritating,disgust
irritation,anger
irritation,disgust
irritation,sadness
isolate,sadness
isolated,fear
isolated,sadness
isolation,sadness
jab,anger
jackpot,joy
jail,fear
jail,sadness
janitor,disgust
jarring,fear
jarring,sadness
jaundice,fear
jaws,fear
jealous,anger
jealous,disgust
jealousy,anger
jealousy,disgust
jealousy,fear
jealousy,sadness
jeopardize,anger
jeopardize,fear
jeopardy,fear
jerk,anger
jest,joy
john,disgust
joker,joy
journey,fear
journey,joy
jovial,joy
joy,joy
joyful,joy
joyous,joy
jubilant,joy
jubilee,joy
jump,joy
jungle,fear
jurisprudence,sadness
kennel,sadness
kerosene,fear
khan,fear
kick,anger
kicking,anger
kidnap,anger
kidnap,fear
kidnap,sadness
kill,fear
kill,sadness
killing,anger
killing,fear
killing,sadness
kind,joy
kindred,joy
kiss,joy
kite,disgust
kitten,joy
knell,fear
knell,sadness
kudos,joy
labor,joy
labored,sadness
lace,anger
lace,fear
lace,sadness
lagging,anger
lagging,disgust
lagging,sadness
lamb,joy
lament,disgust
lament,fear
lament,sadness
lamenting,sadness
landslide,fear
landslide,sadness
languishing,fear
languishing,sadness
larceny,disgust
larger,disgust
lash,anger
lash,fear
late,sadness
latent,anger
latent,disgust
latrines,disgust
laugh,joy
laughable,disgust
laughing,joy
laughter,joy
laurels,joy
lava,anger
lava,fear
lavatory,disgust
lawlessness,anger
lawlessness,fear
lawsuit,anger
lawsuit,disgust
lawsuit,fear
lawsuit,sadness
lawyer,anger
lawyer,disgust
lawyer,fear
lax,sadness
laxative,disgust
laxative,fear
leave,sadness
leeches,disgust
leeches,fear
leer,disgust
legalized,anger
legalized,fear
legalized,joy
leisure,joy
lemon,disgust
leprosy,disgust
leprosy,fear
leprosy,sadness
lesser,disgust
lethal,disgust
lethal,fear
lethal,sadness
lethargy,sadness
leukemia,anger
leukemia,fear
leukemia,sadness
lewd,disgust
liar,disgust
libel,anger
libel,fear
liberate,anger
liberate,joy
liberation,joy
liberty,joy
lick,disgust
lie,anger
lie,disgust
lie,sadness
lifeless,fear
lifeless,sadness
lightning,anger
lightning,fear
liking,joy
limited,anger
limited,sadness
lines,fear
lion,fear
liquor,anger
liquor,joy
liquor,sadness
listless,sadness
litigate,anger
litigate,disgust
litigate,fear
litigate,sadness
litigious,anger
litigious,disgust
livid,anger
livid,disgust
loath,anger
loathe,anger
loathe,disgust
loathing,disgust
loathsome,anger
loathsome,disgust
lockup,fear
lockup,sadness
locust,fear
lone,sadness
loneliness,fear
loneliness,sadness
lonely,anger
lonely,disgust
lonely,fear
lonely,sadness
lonesome,sadness
longing,sadness
loo,disgust
loom,fear
loon,disgust
lord,disgust
lose,anger
lose,disgust
lose,fear
lose,sadness
losing,anger
losing,sadness
loss,anger
loss,fear
loss,sadness
lost,sadness
loudness,anger
louse,disgust
lovable,joy
love,joy
lovely,joy
lovely,sadness
lovemaking,joy
lover,joy
loving,joy
lower,sadness
lowest,sadness
lowly,sadness
loyal,fear
loyal,joy
luck,joy
lucky,joy
lumpy,disgust
lunacy,anger
lunacy,disgust
lunacy,fear
lunacy,sadness
lunatic,anger
lunatic,disgust
lunatic,fear
lurid,disgust
luscious,joy
lush,disgust
lush,sadness
luster,joy
lusty,disgust
luxurious,joy
luxury,joy
lying,anger
lying,disgust
lynch,anger
lynch,disgust
lynch,fear
lynch,sadness
lyre,joy
lyrical,joy
mace,fear
mad,anger
mad,disgust
mad,fear
mad,sadness
madden,anger
madden,fear
madman,anger
madman,fear
madness,anger
madness,fear
mafia,fear
mage,fear
maggot,disgust
magical,joy
magnificence,joy
magnificent,joy
majestic,joy
majority,joy
malaise,sadness
malaria,disgust
malaria,fear
malaria,sadness
malevolent,anger
malevolent,disgust
malevolent,fear
malevolent,sadness
malfeasance,disgust
malice,anger
malice,fear
malicious,anger
malicious,disgust
malicious,fear
malicious,sadness
malign,anger
malign,disgust
malignancy,fear
malignancy,sadness
malignant,anger
malignant,fear
malpractice,anger
mandamus,fear
mange,disgust
mange,fear
mangle,anger
mangle,disgust
mangle,fear
mangle,sadness
maniac,anger
maniac,fear
manifestation,fear
manipulation,anger
manipulation,fear
manslaughter,anger
manslaughter,disgust
manslaughter,fear
manslaughter,sadness
manure,disgust
margin,sadness
marriage,joy
marrow,joy
marry,fear
marry,joy
martial,anger
martyr,fear
martyr,sadness
martyrdom,fear
martyrdom,sadness
marvelous,joy
marvelously,joy
masochism,anger
masochism,disgust
masochism,fear
massacre,anger
massacre,disgust
massacre,fear
massacre,sadness
massage,joy
masterpiece,joy
mastery,anger
mastery,joy
materialist,disgust
matrimony,joy
mausoleum,sadness
meaningless,sadness
measles,disgust
measles,fear
measles,sadness
medal,joy
meddle,anger
medical,fear
meditate,joy
meek,sadness
melancholic,sadness
melancholy,sadness
melee,fear
melodrama,anger
melodrama,sadness
meltdown,sadness
memorable,joy
memorials,sadness
menace,anger
menace,fear
menacing,anger
menacing,fear
mercenary,fear
merciless,fear
meritorious,joy
merriment,joy
merry,joy
mess,disgust
messy,disgust
midwife,joy
mighty,anger
mighty,fear
mighty,joy
mildew,disgust
military,fear
militia,anger
militia,fear
militia,sadness
ministry,joy
miracle,joy
miraculous,joy
mire,disgust
mirth,joy
misbehavior,anger
misbehavior,disgust
miscarriage,fear
miscarriage,sadness
misconception,anger
misconception,disgust
misconception,fear
misconduct,disgust
miserable,anger
miserable,disgust
miserable,sadness
miserably,sadness
misery,anger
misery,disgust
misery,fear
misery,sadness
misfortune,fear
misfortune,sadness
misguided,disgust
mishap,disgust
mishap,fear
mishap,sadness
mislead,anger
mislead,fear
misleading,anger
misleading,disgust
misplace,anger
misplace,disgust
misrepresentation,sadness
misrepresented,anger
missile,fear
missing,fear
missing,sadness
misstatement,anger
misstatement,disgust
mistake,sadness
mistaken,fear
mistress,anger
mistress,disgust
mistrust,disgust
mistrust,fear
misunderstanding,anger
misunderstanding,sadness
mite,disgust
moan,fear
moan,sadness
mob,anger
mob,fear
mockery,disgust
mocking,anger
mocking,disgust
mocking,sadness
molestation,anger
molestation,disgust
molestation,fear
molestation,sadness
money,anger
money,joy
monochrome,disgust
monsoon,sadness
monster,fear
monstrosity,anger
monstrosity,disgust
monstrosity,fear
moody,anger
moody,sadness
moral,anger
morals,anger
morals,disgust
morals,joy
morbid,sadness
morbidity,anger
morbidity,disgust
morbidity,fear
morbidity,sadness
morgue,disgust
morgue,fear
morgue,sadness
moribund,sadness
mortality,anger
mortality,fear
mortality,sadness
mortgage,fear
mortgagor,fear
mortification,disgust
mortification,fear
mortification,sadness
mortuary,fear
mortuary,sadness
mosquito,anger
mosquito,disgust
mother,joy
mother,sadness
motherhood,joy
mourn,sadness
mournful,anger
mournful,fear
mournful,sadness
mourning,sadness
mouthful,disgust
muck,disgust
mucous,disgust
mucus,disgust
muddy,disgust
muff,anger
muff,disgust
mug,anger
mug,fear
mug,sadness
mule,anger
mum,fear
murder,anger
murder,disgust
murder,fear
murder,sadness
murderer,anger
murderer,disgust
murderer,fear
murderer,sadness
murderous,anger
murderous,disgust
murderous,fear
murderous,sadness
murky,disgust
murky,sadness
music,joy
music,sadness
musical,anger
musical,joy
musical,sadness
musket,fear
musty,disgust
mutilated,disgust
mutilation,anger
mutilation,disgust
mutilation,fear
mutilation,sadness
mutiny,anger
mutiny,disgust
mutiny,fear
mutter,anger
muzzle,fear
myopia,anger
myopia,sadness
mysterious,fear
nag,anger
nameless,disgust
nap,joy
napkin,sadness
nappy,disgust
nasty,anger
nasty,disgust
nasty,fear
nasty,sadness
nausea,disgust
nauseous,disgust
nauseous,sadness
necessity,sadness
nefarious,disgust
nefarious,fear
nefarious,sadness
negation,anger
negative,sadness
neglected,anger
neglected,disgust
neglected,sadness
negro,sadness
nepotism,anger
nepotism,disgust
nepotism,sadness
nervous,fear
nervousness,fear
nether,anger
nether,fear
nether,sadness
nettle,anger
nettle,disgust
neuralgia,fear
neuralgia,sadness
neurosis,fear
neurosis,sadness
neurotic,disgust
neurotic,fear
newcomer,fear
nicotine,disgust
nightmare,fear
noisy,anger
noncompliance,anger
noncompliance,fear
noncompliance,sadness
nonsensical,sadness
noose,sadness
nose,disgust
notable,joy
nothingness,sadness
notoriety,anger
notoriety,disgust
notoriety,fear
noxious,disgust
noxious,fear
nuisance,anger
numbness,sadness
nursery,joy
nurture,anger
nurture,disgust
nurture,fear
nurture,joy
nutritious,sadness
oasis,joy
obese,disgust
obesity,disgust
obesity,sadness
obey,fear
obi,disgust
obi,fear
obit,sadness
obituary,sadness
objection,anger
obliging,anger
obliging,disgust
obliging,fear
obliging,joy
obligor,fear
obliterate,anger
obliterate,fear
obliterate,sadness
obliterated,anger
obliterated,fear
obliteration,fear
obliteration,sadness
oblivion,anger
oblivion,fear
obnoxious,anger
obnoxious,disgust
obnoxious,sadness
obscene,disgust
obscenity,anger
obscenity,disgust
obstacle,anger
obstacle,fear
obstacle,sadness
obstruct,anger
obstruct,fear
obstructive,anger
obtainable,joy
occult,disgust
occult,fear
octopus,disgust
oddity,disgust
oddity,sadness
odious,anger
odious,disgust
odious,fear
offend,anger
offend,disgust
offended,anger
offended,sadness
offender,anger
offender,disgust
offender,fear
offender,sadness
offense,anger
offense,disgust
offense,fear
offense,sadness
offensive,anger
offensive,disgust
ogre,disgust
ogre,fear
omen,fear
ominous,fear
omnipotence,fear
onerous,anger
onerous,sadness
ooze,disgust
opera,anger
opera,fear
opera,joy
opera,sadness
operation,fear
opinionated,anger
opium,anger
opium,disgust
opium,fear
opium,sadness
opponent,anger
opponent,disgust
opponent,fear
opportune,joy
opposed,anger
opposed,fear
opposition,anger
oppress,anger
oppress,disgust
oppress,fear
oppress,sadness
oppression,anger
oppression,disgust
oppression,fear
oppression,sadness
oppressive,anger
oppressive,disgust
oppressive,fear
oppressive,sadness
oppressor,anger
oppressor,fear
oppressor,sadness
optimism,joy
orc,anger
orc,disgust
orc,fear
orchestra,anger
orchestra,joy
orchestra,sadness
ordeal,anger
ordination,joy
ordnance,fear
organ,joy
organization,joy
orgasm,joy
orphan,fear
orphan,sadness
oust,anger
oust,sadness
outburst,anger
outburst,fear
outburst,joy
outburst,sadness
outcast,disgust
outcast,fear
outcast,sadness
outcry,anger
outcry,fear
outhouse,disgust
outpost,fear
outrage,anger
outrage,disgust
outsider,fear
outstanding,joy
ovation,sadness
overbearing,anger
overdue,sadness
overjoyed,joy
overload,sadness
overpowering,anger
overpowering,fear
overpriced,anger
overpriced,disgust
overpriced,sadness
overt,fear
overthrow,fear
overwhelmed,sadness
owing,anger
owing,disgust
owing,fear
owing,sadness
pain,fear
pain,sadness
pained,fear
pained,sadness
painful,anger
painful,disgust
painful,fear
painful,sadness
painfully,sadness
palsy,disgust
palsy,fear
palsy,sadness
pandemic,fear
pandemic,sadness
panic,fear
parachute,fear
parade,fear
parade,joy
paragon,joy
paralysis,anger
paralysis,fear
paralysis,sadness
paranoia,fear
parasite,disgust
parasite,fear
pare,anger
pare,fear
pare,sadness
parrot,disgust
parting,sadness
passion,joy
passionate,joy
pastor,joy
pastry,joy
pathetic,disgust
pathetic,sadness
patter,anger
paucity,anger
paucity,disgust
paucity,sadness
pauper,sadness
pay,joy
payback,anger
peace,joy
peaceful,joy
penal,fear
penal,sadness
penalty,anger
penalty,fear
penalty,sadness
penance,fear
penance,sadness
penetration,anger
penetration,fear
penitentiary,anger
pensive,sadness
perdition,anger
perdition,disgust
perdition,fear
perdition,sadness
perfect,joy
perfection,joy
peril,fear
peril,sadness
perilous,fear
perilous,sadness
perish,fear
perish,sadness
perished,sadness
perishing,fear
perishing,sadness
perjury,fear
pernicious,anger
pernicious,fear
pernicious,sadness
perpetrator,anger
perpetrator,disgust
perpetrator,fear
perpetrator,sadness
perplexity,sadness
persecute,anger
persecute,fear
persecution,anger
persecution,disgust
persecution,fear
persecution,sadness
perspiration,disgust
perturbation,fear
perverse,anger
perverse,disgust
perverse,fear
perversion,anger
perversion,disgust
perversion,sadness
pervert,anger
pervert,disgust
perverted,disgust
pessimism,anger
pessimism,fear
pessimism,sadness
pessimist,fear
pessimist,sadness
pest,anger
pest,disgust
pest,fear
pestilence,disgust
pestilence,fear
petroleum,disgust
phalanx,fear
phantom,fear
phlegm,disgust
phony,anger
phony,disgust
picket,anger
picket,fear
picketing,anger
picnic,joy
picturesque,joy
pig,disgust
piles,disgust
pillage,anger
pillage,disgust
pillage,fear
pimple,disgust
pine,sadness
pinion,fear
pious,disgust
pious,sadness
pique,anger
pirate,anger
pitfall,anger
pitfall,disgust
pitfall,fear
pitfall,sadness
pity,sadness
plagiarism,disgust
plague,disgust
plague,fear
plague,sadness
plaintive,sadness
playful,anger
playful,joy
playground,joy
playhouse,joy
plea,fear
plea,sadness
pleasant,joy
pleased,joy
pleasurable,joy
pledge,joy
plight,disgust
plight,fear
plight,sadness
plummet,fear
plunder,anger
plunder,disgust
plunder,fear
plunder,sadness
plunge,fear
pneumonia,fear
poaching,anger
poaching,disgust
poaching,fear
poaching,sadness
pointless,sadness
poison,anger
poison,disgust
poison,fear
poison,sadness
poisoned,anger
poisoned,disgust
poisoned,fear
poisoned,sadness
poisoning,disgust
poisonous,anger
poisonous,disgust
poisonous,fear
poisonous,sadness
polemic,anger
polemic,disgust
police,fear
policeman,fear
polio,fear
polio,sadness
politic,disgust
politics,anger
pollute,disgust
pollution,disgust
polygamy,disgust
pompous,disgust
porn,disgust
pornography,disgust
posse,fear
possess,joy
possessed,anger
possessed,disgust
possessed,fear
possession,anger
possession,disgust
possession,fear
posthumous,sadness
pound,anger
poverty,anger
poverty,disgust
poverty,fear
poverty,sadness
pow,anger
powerful,anger
powerful,disgust
powerful,fear
powerful,joy
powerfully,fear
powerless,anger
powerless,disgust
powerless,fear
powerless,sadness
practiced,joy
praise,joy
praised,joy
praiseworthy,joy
pray,fear
pray,joy
precarious,fear
precarious,sadness
precious,joy
precipice,fear
preclude,anger
predicament,fear
pregnancy,disgust
prejudice,anger
prejudiced,disgust
prejudiced,fear
prejudicial,anger
premeditated,fear
present,joy
preservative,joy
prestige,joy
presto,joy
presumptuous,anger
presumptuous,disgust
pretending,anger
pretty,joy
prevail,joy
prevent,fear
prey,fear
prick,anger
prick,disgust
prick,fear
pride,joy
priesthood,joy
priesthood,sadness
princely,joy
prison,anger
prison,fear
prison,sadness
prisoner,anger
prisoner,disgust
prisoner,fear
prisoner,sadness
privileged,joy
probation,fear
probation,sadness
problem,fear
problem,sadness
procedure,fear
procession,joy
procession,sadness
profane,anger
profanity,anger
proficiency,joy
prognosis,fear
progress,joy
progression,joy
progression,sadness
prohibited,anger
prohibited,disgust
prohibited,fear
projectile,fear
projectiles,fear
prolong,disgust
promise,joy
prosecute,anger
prosecute,fear
prosecute,sadness
prosecution,disgust
prosper,joy
prosperous,joy
prostitute,disgust
prostitution,disgust
prostitution,sadness
proud,joy
providing,joy
provocation,anger
provoking,anger
provoking,disgust
prowl,fear
pry,anger
psychosis,anger
psychosis,fear
psychosis,sadness
puke,disgust
puma,fear
punch,anger
punch,fear
punch,sadness
pungent,disgust
punish,fear
punished,anger
punished,disgust
punished,fear
punished,sadness
punishing,anger
punishing,fear
punishing,sadness
punishment,anger
punishment,disgust
punishment,fear
punitive,anger
punitive,fear
punitive,sadness
purgatory,disgust
purgatory,fear
purge,fear
purify,joy
purr,joy
pus,disgust
quack,disgust
quagmire,disgust
quail,fear
quaint,joy
quake,fear
quandary,anger
quandary,fear
quarantine,fear
quarrel,anger
quash,fear
questionable,disgust
quiet,sadness
quiver,fear
quivering,fear
rabble,anger
rabble,fear
rabid,anger
rabid,disgust
rabid,fear
rabid,sadness
rack,sadness
radiance,joy
radiant,joy
radiation,fear
radioactive,fear
radon,fear
rage,anger
raging,anger
raging,disgust
raging,fear
rags,disgust
raid,anger
raid,fear
rail,anger
rainy,sadness
ram,anger
rampage,anger
rampage,fear
rancid,disgust
ransom,anger
ransom,fear
rape,anger
rape,disgust
rape,fear
rape,sadness
rapping,anger
rapt,joy
raptors,fear
rapture,joy
rascal,anger
rascal,disgust
rascal,fear
rash,disgust
rat,disgust
rat,fear
rating,anger
rating,fear
rating,sadness
rattlesnake,fear
rave,anger
rave,disgust
rave,joy
ravenous,anger
ravenous,fear
ravenous,sadness
ravine,fear
raving,anger
raving,fear
raving,joy
razor,fear
react,anger
react,fear
readiness,joy
rebel,anger
rebel,fear
rebellion,anger
rebellion,disgust
rebellion,fear
recalcitrant,anger
recalcitrant,disgust
receiving,joy
recesses,fear
recession,anger
recession,disgust
recession,fear
recession,sadness
recidivism,anger
recidivism,disgust
recidivism,sadness
reckless,anger
reckless,fear
recklessness,anger
recklessness,disgust
recklessness,fear
reconciliation,joy
recreation,joy
recreational,joy
reflux,disgust
refugee,sadness
refused,sadness
refutation,fear
regiment,fear
regret,sadness
regrettable,sadness
regretted,sadness
regretting,sadness
regulatory,fear
regurgitation,disgust
reject,anger
reject,fear
reject,sadness
rejection,anger
rejection,disgust
rejection,fear
rejection,sadness
rejects,anger
rejects,fear
rejects,sadness
rejoice,joy
rejoicing,joy
rekindle,fear
rekindle,joy
relapse,fear
relapse,sadness
relics,sadness
reluctant,fear
remains,disgust
remains,fear
remand,anger
remarkable,joy
remedy,joy
remiss,anger
remiss,disgust
remiss,sadness
remorse,sadness
remove,anger
remove,fear
remove,sadness
renegade,anger
renounce,anger
renovation,joy
repay,anger
repay,joy
repellant,disgust
repellant,fear
repellent,anger
repellent,disgust
repellent,fear
repelling,disgust
repent,fear
repress,sadness
repression,fear
reprimand,anger
reprisal,anger
reprisal,fear
reprisal,sadness
reproach,anger
reproach,disgust
reproach,sadness
reproductive,joy
repudiation,anger
repudiation,disgust
repulsion,disgust
repulsion,fear
requiem,sadness
rescue,joy
resection,fear
resent,anger
resentful,anger
resentment,anger
resentment,disgust
resentment,sadness
resign,anger
resign,disgust
resign,fear
resign,sadness
resignation,sadness
resigned,sadness
resistance,anger
resistant,fear
resisting,anger
resisting,fear
resisting,sadness
resources,joy
respect,joy
respite,joy
resplendent,joy
restitution,anger
restorative,joy
restrain,anger
restrain,fear
restrained,fear
restrict,sadness
restriction,anger
restriction,fear
restriction,sadness
retaliate,anger
retaliation,anger
retaliation,fear
retaliatory,anger
retard,disgust
retard,fear
retard,sadness
reticent,fear
retirement,fear
retirement,joy
retirement,sadness
retract,anger
retrenchment,fear
retribution,anger
retribution,fear
retribution,sadness
revel,joy
revels,joy
revenge,anger
revenge,fear
revere,joy
reverence,joy
reverend,joy
reverie,joy
reversal,anger
reversal,disgust
revival,joy
revoke,anger
revoke,disgust
revoke,fear
revoke,sadness
revolt,anger
revolting,anger
revolting,disgust
revolting,fear
revolution,anger
revolution,fear
revolution,sadness
revolver,anger
revolver,fear
revolver,sadness
revulsion,anger
revulsion,disgust
revulsion,fear
reward,joy
rheumatism,anger
rheumatism,fear
rheumatism,sadness
rhythmical,joy
ribbon,anger
ribbon,joy
ridicule,anger
ridicule,disgust
ridicule,sadness
ridiculous,anger
ridiculous,disgust
rifle,anger
rifle,fear
rigor,disgust
rigor,fear
ringer,anger
riot,anger
riot,fear
riotous,anger
riotous,fear
rising,joy
risk,fear
risky,fear
rivalry,anger
roadster,joy
rob,anger
rob,disgust
rob,fear
rob,sadness
robber,disgust
robber,fear
robbery,anger
robbery,disgust
robbery,fear
robbery,sadness
rocket,anger
rod,fear
rogue,disgust
rollicking,joy
romance,fear
romance,joy
romance,sadness
romantic,joy
romanticism,joy
romp,joy
rook,anger
rook,disgust
rot,disgust
rot,fear
rot,sadness
rotting,disgust
row,anger
rubbish,disgust
rubble,fear
rubble,sadness
rue,sadness
ruin,fear
ruin,sadness
ruined,anger
ruined,disgust
ruined,fear
ruined,sadness
ruinous,anger
ruinous,disgust
ruinous,fear
ruinous,sadness
rule,fear
rumor,sadness
runaway,sadness
rupture,fear
rupture,sadness
ruthless,anger
ruthless,disgust
ruthless,fear
saber,anger
saber,fear
sabotage,anger
sabotage,disgust
sabotage,fear
sabotage,sadness
sacrifices,disgust
sacrifices,fear
sacrifices,sadness
sadly,sadness
sadness,sadness
safe,joy
sag,fear
saint,joy
saintly,joy
salary,joy
saloon,anger
salutary,joy
salute,joy
salvation,joy
samurai,fear
sanctification,joy
sanctify,joy
sanctify,sadness
sanctuary,joy
sap,sadness
sarcasm,anger
sarcasm,disgust
sarcasm,sadness
sarcoma,fear
sarcoma,sadness
satanic,anger
satisfied,joy
saturated,disgust
savage,anger
savage,fear
savagery,anger
savagery,fear
save,joy
savor,disgust
savor,joy
savor,sadness
scaffold,fear
scalpel,fear
scandal,fear
scandalous,anger
scapegoat,anger
scapegoat,fear
scar,anger
scar,disgust
scar,fear
scar,sadness
scarce,fear
scarce,sadness
scarcely,sadness
scarcity,anger
scarcity,fear
scarcity,sadness
scare,anger
scare,fear
scarecrow,fear
schism,anger
schizophrenia,anger
schizophrenia,disgust
schizophrenia,fear
schizophrenia,sadness
scholarship,joy
scoff,anger
scoff,disgust
scold,anger
scold,disgust
scold,fear
scold,sadness
scolding,anger
scorching,anger
score,joy
scorn,anger
scorpion,anger
scorpion,disgust
scorpion,fear
scoundrel,anger
scoundrel,disgust
scoundrel,fear
scourge,anger
scourge,fear
scourge,sadness
scrapie,anger
scrapie,fear
scrapie,sadness
scream,anger
scream,disgust
scream,fear
screaming,anger
screaming,disgust
screaming,fear
screech,fear
screwed,anger
scrub,disgust
scum,disgust
secluded,sadness
seclusion,fear
secrete,disgust
secretion,disgust
sectarian,anger
sectarian,fear
sedition,anger
sedition,sadness
segregate,anger
segregate,disgust
segregate,sadness
seize,fear
seizure,fear
selfish,anger
selfish,disgust
senile,fear
senile,sadness
sensational,joy
senseless,anger
senseless,disgust
senseless,fear
senseless,sadness
sensual,joy
sensuality,joy
sensuous,joy
sentence,anger
sentence,disgust
sentence,fear
sentence,sadness
separatist,anger
separatist,disgust
sepsis,fear
sepsis,sadness
septic,disgust
sequestration,sadness
serenity,joy
seriousness,fear
seriousness,sadness
serpent,disgust
serpent,fear
servile,disgust
servile,fear
servile,sadness
setback,sadness
settlor,fear
severance,sadness
sewage,disgust
sewer,disgust
sewerage,disgust
sex,joy
shabby,disgust
shack,disgust
shack,sadness
shackle,anger
shackle,disgust
shackle,fear
shackle,sadness
shady,fear
shaking,fear
shaky,anger
shaky,fear
sham,anger
sham,disgust
shame,disgust
shame,fear
shame,sadness
shameful,sadness
shameless,disgust
shanghai,disgust
shanghai,fear
shank,fear
share,joy
sharpen,anger
shatter,anger
shatter,fear
shatter,sadness
shattered,sadness
shell,anger
shell,fear
shell,sadness
shining,joy
shipwreck,fear
shipwreck,sadness
shit,anger
shit,disgust
shiver,anger
shiver,fear
shiver,sadness
shock,anger
shock,fear
shoddy,anger
shoddy,disgust
shoot,anger
shoot,fear
shooter,fear
shooting,anger
shooting,fear
shoplifting,anger
shoplifting,disgust
shopping,joy
shortage,anger
shortage,fear
shortage,sadness
shot,anger
shot,fear
shot,sadness
shout,anger
shove,anger
shrapnel,fear
shriek,anger
shriek,fear
shriek,sadness
shrill,anger
shrill,fear
shrink,fear
shrink,sadness
shroud,sadness
shudder,fear
shun,anger
shun,disgust
shun,sadness
sick,disgust
sick,sadness
sickening,anger
sickening,disgust
sickening,fear
sickening,sadness
sickly,disgust
sickly,sadness
sickness,disgust
sickness,fear
sickness,sadness
silly,joy
simmer,anger
simplify,joy
sin,anger
sin,disgust
sin,fear
sin,sadness
sinful,anger
sinful,disgust
sinful,fear
sinful,sadness
sing,joy
sing,sadness
sinister,anger
sinister,disgust
sinister,fear
sinner,anger
sinner,disgust
sinner,fear
sinner,sadness
sinning,disgust
siren,fear
sisterhood,anger
sisterhood,sadness
sizzle,anger
skewed,anger
skid,anger
skid,fear
skid,sadness
skirmish,anger
slam,anger
slam,fear
slander,anger
slander,disgust
slap,anger
slash,anger
slaughter,anger
slaughter,disgust
slaughter,fear
slaughter,sadness
slaughterhouse,anger
slaughterhouse,disgust
slaughterhouse,fear
slaughterhouse,sadness
slaughtering,anger
slaughtering,disgust
slaughtering,fear
slaughtering,sadness
slave,anger
slave,fear
slave,sadness
slavery,anger
slavery,disgust
slavery,fear
slavery,sadness
slay,anger
slayer,anger
slayer,disgust
slayer,fear
slayer,sadness
slime,disgust
slimy,disgust
slop,disgust
sloppy,disgust
sloth,disgust
sludge,disgust
slug,disgust
sluggish,sadness
slum,disgust
slump,sadness
slur,anger
slur,disgust
slur,sadness
slush,disgust
slut,anger
slut,disgust
sly,anger
sly,disgust
sly,fear
smack,anger
smash,anger
smash,fear
smell,anger
smell,disgust
smelling,disgust
smile,joy
smiling,joy
smite,anger
smite,fear
smite,sadness
smother,anger
smuggle,fear
smuggler,anger
smuggler,disgust
smuggler,fear
smut,disgust
smut,fear
snake,disgust
snake,fear
snare,fear
snarl,anger
snarl,disgust
snarling,anger
sneak,anger
sneak,fear
sneaking,fear
sneer,anger
sneer,disgust
sneeze,disgust
snort,sadness
sob,sadness
socialism,disgust
socialism,fear
socialist,anger
socialist,disgust
socialist,fear
socialist,sadness
soil,disgust
soiled,disgust
soldier,anger
soldier,sadness
somber,sadness
sonnet,joy
sonnet,sadness
sonorous,joy
soot,disgust
soothing,joy
sorcery,fear
sordid,anger
sordid,disgust
sordid,fear
sordid,sadness
sore,anger
sore,sadness
sorely,sadness
soreness,disgust
soreness,sadness
sorrow,fear
sorrow,sadness
sorrowful,sadness
sortie,fear
soulless,disgust
soulless,fear
soulless,sadness
soulmate,fear
soundness,joy
sour,disgust
spa,joy
spaniel,joy
spank,anger
spank,fear
spank,sadness
spanking,anger
sparkle,joy
spasm,fear
spat,anger
spear,anger
spear,fear
special,joy
speck,disgust
specter,fear
specter,sadness
speculation,fear
speculation,sadness
spew,disgust
spider,disgust
spider,fear
spike,fear
spine,anger
spinster,fear
spinster,sadness
spirits,joy
spit,disgust
spite,anger
spiteful,anger
splendid,joy
splendor,joy
splitting,sadness
spoil,disgust
spoiler,sadness
spook,fear
spouse,joy
sprain,sadness
sprite,fear
spur,fear
spurious,disgust
squall,fear
squall,sadness
squeamish,disgust
squeamish,fear
squelch,anger
squelch,disgust
squirm,disgust
stab,anger
stab,fear
stab,sadness
stagnant,sadness
stain,disgust
stalemate,anger
stalemate,disgust
stalk,fear
stall,disgust
standoff,anger
standoff,fear
standstill,anger
star,joy
starry,joy
startle,fear
starvation,fear
starvation,sadness
steal,anger
steal,fear
steal,sadness
stealing,disgust
stealing,fear
stealthy,fear
sterile,sadness
sterling,anger
sterling,joy
sticky,disgust
stifled,anger
stifled,fear
stifled,sadness
stigma,anger
stigma,disgust
stigma,fear
stigma,sadness
stillborn,sadness
stillness,fear
stillness,sadness
sting,anger
sting,fear
stingy,anger
stingy,disgust
stingy,fear
stingy,sadness
stink,disgust
stinking,disgust
stint,fear
stint,sadness
stolen,anger
stomach,disgust
stone,anger
stools,disgust
storm,anger
storming,anger
stormy,fear
strained,anger
straits,fear
stranger,fear
strangle,anger
strangle,disgust
strangle,fear
strangle,sadness
strengthening,joy
stretcher,fear
stretcher,sadness
stricken,sadness
strife,anger
strike,anger
strip,sadness
stripped,anger
stripped,disgust
stripped,fear
stripped,sadness
stroke,fear
stroke,sadness
struggle,anger
struggle,fear
struggle,sadness
stunned,fear
sty,disgust
subjected,sadness
subjugation,anger
subjugation,disgust
subjugation,fear
subjugation,sadness
sublimation,joy
subordinate,fear
subsidence,sadness
subsidy,anger
subsidy,disgust
subversion,anger
subversion,fear
subversive,anger
subvert,disgust
subvert,fear
subvert,sadness
succeed,joy
succeeding,joy
success,joy
successful,joy
sucker,anger
sue,anger
sue,sadness
sufferer,fear
sufferer,sadness
suffering,disgust
suffering,fear
suffering,sadness
suffocating,disgust
suffocating,fear
suffocating,sadness
suffocation,anger
suffocation,fear
suicidal,anger
suicidal,disgust
suicidal,fear
suicidal,sadness
suicide,anger
suicide,fear
suicide,sadness
sullen,anger
sullen,sadness
sultan,fear
sump,disgust
sun,joy
sunk,disgust
sunk,fear
sunk,sadness
sunny,joy
sunshine,joy
superman,joy
superstar,joy
superstition,fear
superstitious,fear
supporter,joy
suppress,anger
suppress,fear
suppress,sadness
suppression,anger
suppression,disgust
suppression,fear
supremacy,anger
supremacy,fear
supremacy,joy
surcharge,anger
surgery,fear
surgery,sadness
surly,anger
surly,disgust
surprise,fear
surprise,joy
surrender,fear
surrender,sadness
surrendering,sadness
surveillance,fear
suspect,fear
suspense,fear
suspension,fear
suspicion,fear
suspicious,anger
swamp,disgust
swamp,fear
swampy,disgust
swampy,fear
swarm,disgust
swastika,anger
swastika,fear
sweat,fear
sweet,joy
sweetheart,joy
sweetheart,sadness
sweets,joy
swelling,fear
swerve,fear
swig,disgust
swim,fear
swim,joy
swine,disgust
symmetry,joy
sympathetic,fear
sympathetic,joy
sympathetic,sadness
sympathize,sadness
sympathy,sadness
symphony,joy
synchronize,joy
syncope,fear
syncope,sadness
synonymous,fear
syringe,fear
taboo,disgust
taboo,fear
tackle,anger
tactics,fear
taint,sadness
talons,anger
talons,fear
tantalizing,joy
tariff,anger
tariff,disgust
tarnish,disgust
tarnish,sadness
tasteless,disgust
taunt,anger
taunt,fear
taunt,sadness
tawny,disgust
tax,sadness
teach,joy
tearful,disgust
tearful,fear
tearful,sadness
tease,anger
tease,sadness
teasing,anger
teasing,fear
teeming,disgust
tempest,anger
tempest,fear
tempest,sadness
tender,joy
tenderness,joy
tension,anger
terminal,fear
terminal,sadness
terminate,sadness
termination,sadness
termite,disgust
terrible,anger
terrible,disgust
terrible,fear
terrible,sadness
terribly,sadness
terrific,sadness
terror,fear
terrorism,anger
terrorism,disgust
terrorism,fear
terrorism,sadness
terrorist,anger
terrorist,disgust
terrorist,fear
terrorist,sadness
terrorize,anger
terrorize,fear
terrorize,sadness
tetanus,disgust
thankful,joy
thanksgiving,joy
theft,anger
theft,disgust
theft,fear
theft,sadness
theism,disgust
theocratic,anger
theocratic,fear
theocratic,sadness
therapeutic,joy
thief,anger
thief,disgust
thief,fear
thief,sadness
thirst,sadness
thirteenth,fear
thorny,fear
thoughtless,anger
thoughtless,disgust
thrash,anger
thrash,disgust
thrash,fear
thrash,sadness
threat,anger
threat,fear
threaten,anger
threaten,fear
threatening,anger
threatening,disgust
threatening,fear
thresh,anger
thresh,fear
thresh,sadness
thrift,disgust
thrill,fear
thrill,joy
thrilling,joy
thriving,joy
throb,fear
throb,sadness
throttle,anger
thug,anger
thug,disgust
thug,fear
thump,anger
thumping,fear
thundering,anger
thundering,fear
tickle,joy
tiff,anger
tighten,anger
timid,fear
timid,sadness
timidity,fear
tinsel,joy
tirade,anger
tirade,disgust
toad,disgust
toast,joy
toilet,disgust
tolerate,anger
tolerate,sadness
tomb,sadness
toothache,fear
torment,anger
torment,fear
torment,sadness
tornado,fear
torpedo,anger
torrent,fear
tortious,anger
tortious,disgust
torture,anger
torture,disgust
torture,fear
torture,sadness
touchy,anger
touchy,sadness
tough,sadness
toughness,anger
toughness,fear
towering,fear
toxic,disgust
toxin,fear
tract,fear
tragedy,fear
tragedy,sadness
traitor,anger
traitor,disgust
traitor,fear
traitor,sadness
tramp,disgust
tramp,fear
tramp,sadness
tranquil,joy
tranquility,joy
transcendence,joy
trash,disgust
trash,sadness
trashy,disgust
traumatic,anger
traumatic,fear
traumatic,sadness
travesty,disgust
travesty,fear
travesty,sadness
treacherous,anger
treacherous,disgust
treacherous,fear
treachery,anger
treachery,fear
treachery,sadness
treason,anger
treason,disgust
treason,fear
treasure,joy
treat,anger
treat,disgust
treat,fear
treat,joy
treat,sadness
tree,anger
tree,disgust
tree,joy
trembling,fear
tremor,anger
tremor,fear
tremor,sadness
trepidation,fear
trespass,anger
tribulation,fear
tribulation,sadness
tribunal,disgust
tribunal,fear
trickery,anger
trickery,disgust
trickery,fear
trickery,sadness
tripping,anger
tripping,sadness
triumph,joy
triumphant,joy
troll,anger
troll,fear
trophy,joy
troublesome,anger
troublesome,fear
truce,joy
true,joy
tumor,fear
tumour,fear
tumour,sadness
tumult,anger
tumult,fear
tumultuous,anger
tumultuous,fear
turbulence,anger
turbulence,fear
turbulent,fear
turmoil,anger
turmoil,fear
turmoil,sadness
tussle,anger
twinkle,joy
typhoon,fear
tyrannical,anger
tyrannical,disgust
tyrannical,fear
tyranny,fear
tyranny,sadness
tyrant,anger
tyrant,disgust
tyrant,fear
tyrant,sadness
ugliness,disgust
ugliness,fear
ugliness,sadness
ugly,disgust
ulcer,anger
ulcer,disgust
ulcer,fear
ulcer,sadness
ultimate,sadness
ultimatum,anger
ultimatum,fear
unable,sadness
unacceptable,sadness
unaccountable,disgust
unaccountable,sadness
unacknowledged,sadness
unattainable,anger
unattainable,sadness
unattractive,disgust
unattractive,sadness
unbearable,disgust
unbearable,sadness
unbeaten,joy
unbeaten,sadness
unbridled,anger
unbridled,fear
uncanny,fear
uncaring,anger
uncaring,disgust
uncaring,sadness
uncertain,anger
uncertain,disgust
uncertain,fear
unclean,disgust
unconscionable,disgust
unconstrained,joy
uncontrollable,anger
undecided,fear
underpaid,anger
underpaid,sadness
undertaker,sadness
undesirable,anger
undesirable,disgust
undesirable,fear
undesirable,sadness
undesired,sadness
undoubted,disgust
undying,joy
undying,sadness
uneasiness,sadness
uneasy,disgust
uneasy,fear
uneducated,sadness
unemployed,fear
unemployed,sadness
unequal,anger
unequal,disgust
unequal,fear
unequal,sadness
unexpected,fear
unexpected,joy
unexplained,sadness
unfair,anger
unfair,disgust
unfair,sadness
unfairness,anger
unfairness,sadness
unfaithful,disgust
unfavorable,disgust
unfavorable,sadness
unforgiving,anger
unforgiving,sadness
unfortunate,sadness
unfriendly,anger
unfriendly,disgust
unfriendly,fear
unfriendly,sadness
unfulfilled,anger
unfulfilled,sadness
ungodly,sadness
ungrateful,anger
ungrateful,disgust
unhappiness,sadness
unhappy,anger
unhappy,disgust
unhappy,sadness
unhealthy,disgust
unhealthy,fear
unhealthy,sadness
unholy,fear
unification,joy
unimportant,sadness
uninspired,sadness
uninterested,sadness
uninteresting,sadness
uninvited,sadness
unjust,anger
unjustifiable,anger
unjustifiable,disgust
unjustifiable,fear
unkind,anger
unkind,disgust
unkind,fear
unkind,sadness
unknown,fear
unlawful,anger
unlawful,disgust
unlawful,fear
unlawful,sadness
unlucky,anger
unlucky,disgust
unlucky,fear
unlucky,sadness
unmanageable,disgust
unnatural,disgust
unnatural,fear
unpaid,anger
unpaid,sadness
unpleasant,disgust
unpleasant,sadness
unpopular,disgust
unpopular,sadness
unpublished,sadness
unrequited,sadness
unrest,fear
unrest,sadness
unruly,anger
unruly,disgust
unruly,fear
unsafe,fear
unsatisfactory,disgust
unsatisfied,disgust
unsatisfied,sadness
unseat,sadness
unsettled,anger
unsettled,disgust
unsettled,fear
unsightly,disgust
unspeakable,fear
unstable,fear
unsteady,fear
unsuccessful,sadness
unsurpassed,fear
unsurpassed,joy
unsympathetic,anger
unthinkable,anger
unthinkable,disgust
unthinkable,fear
untidy,disgust
untie,joy
untitled,sadness
untoward,anger
untoward,disgust
untrustworthy,anger
unwashed,disgust
unwelcome,sadness
unwell,sadness
unworthy,disgust
upheaval,anger
upheaval,fear
upheaval,sadness
uphill,fear
uplift,joy
uprising,anger
uprising,fear
upset,anger
upset,sadness
urgency,fear
urgent,fear
urn,sadness
usurp,anger
usurped,anger
usurped,fear
utopian,joy
vacation,joy
vacuous,disgust
vainly,disgust
vainly,sadness
validity,fear
vampire,anger
vampire,disgust
vampire,fear
vanished,fear
vanished,sadness
varicella,disgust
varicella,fear
varicella,sadness
veal,sadness
veer,fear
vegetative,disgust
vegetative,sadness
vehement,anger
vehement,fear
vendetta,anger
vendetta,fear
vendetta,sadness
venerable,joy
vengeance,anger
vengeful,anger
vengeful,fear
venom,anger
venom,disgust
venom,fear
venomous,anger
venomous,disgust
venomous,fear
vent,anger
veracity,joy
verdict,fear
verge,fear
vermin,anger
vermin,disgust
vermin,fear
vernal,joy
versus,anger
vertigo,fear
vesicular,disgust
veto,anger
vicious,anger
vicious,disgust
victim,anger
victim,fear
victim,sadness
victimized,anger
victimized,disgust
victimized,fear
victimized,sadness
victor,joy
victorious,joy
victory,joy
vigilant,fear
villain,fear
villainous,anger
villainous,disgust
villainous,fear
vindicate,anger
vindication,joy
vindictive,anger
vindictive,disgust
violation,anger
violation,fear
violation,sadness
violence,anger
violence,fear
violence,sadness
violent,anger
violent,disgust
violent,fear
violently,anger
violently,disgust
violently,fear
violently,sadness
viper,fear
virtuous,joy
virulence,anger
virulence,fear
visionary,joy
visitor,joy
vitality,joy
vivacious,joy
vivid,joy
volatility,anger
volatility,fear
volcano,fear
volunteer,fear
volunteer,joy
voluptuous,joy
vomit,disgust
vote,anger
vote,joy
vote,sadness
vow,joy
vulgar,disgust
vulgarity,anger
vulgarity,disgust
vulgarity,sadness
vulnerability,fear
vulnerability,sadness
vulture,disgust
vulture,fear
waffle,anger
waffle,sadness
wages,joy
wail,fear
wail,sadness
wallow,disgust
wallow,sadness
wan,fear
wan,sadness
wane,sadness
wanting,sadness
war,fear
warden,anger
warden,fear
ware,fear
warfare,anger
warfare,fear
warfare,sadness
warlike,anger
warlike,fear
warlock,fear
warn,fear
warned,fear
warning,fear
warp,anger
warp,sadness
warrior,anger
warrior,fear
wart,disgust
wary,fear
waste,disgust
wasted,anger
wasted,disgust
wasteful,anger
wasteful,disgust
wasteful,sadness
wasting,disgust
wasting,fear
wasting,sadness
watch,fear
waver,fear
weakly,fear
weakly,sadness
wealth,joy
wearily,sadness
weariness,sadness
weary,sadness
weeds,sadness
weep,sadness
weeping,sadness
weight,disgust
weight,fear
weight,joy
weight,sadness
weighty,fear
weird,disgust
weirdo,fear
welcomed,joy
wench,anger
wench,disgust
whim,joy
whimper,fear
whimper,sadness
whimsical,joy
whine,disgust
whine,sadness
whip,anger
whirlpool,fear
whirlwind,fear
whiteness,joy
whore,disgust
wicked,fear
wickedness,disgust
widow,sadness
widower,sadness
wilderness,fear
wilderness,sadness
wildfire,fear
wildfire,sadness
willful,anger
willful,sadness
wimp,disgust
wimp,fear
wimpy,anger
wimpy,disgust
wimpy,fear
wimpy,sadness
wince,anger
wince,disgust
wince,fear
wince,sadness
winner,joy
winning,disgust
winning,joy
winning,sadness
winnings,joy
wireless,anger
witch,anger
witch,disgust
witch,fear
witchcraft,anger
witchcraft,fear
witchcraft,sadness
withdraw,sadness
wither,sadness
withered,disgust
withstand,fear
witty,joy
woe,disgust
woe,fear
woe,sadness
woeful,sadness
woefully,disgust
woefully,sadness
wonderful,joy
wonderfully,joy
wop,anger
words,anger
worn,sadness
worried,sadness
worry,fear
worry,sadness
worrying,fear
worrying,sadness
worse,fear
worse,sadness
worsening,disgust
worsening,sadness
worship,fear
worship,joy
worthless,anger
worthless,disgust
worthless,sadness
wound,anger
wound,fear
wound,sadness
wrangling,anger
wrangling,disgust
wrangling,fear
wrangling,sadness
wrath,anger
wrath,fear
wreak,anger
wreck,anger
wreck,disgust
wreck,fear
wreck,sadness
wrecked,anger
wrecked,fear
wrecked,sadness
wretch,anger
wretch,disgust
wretch,sadness
wretched,disgust
wretched,sadness
wring,anger
wrinkled,sadness
wrongdoing,anger
wrongdoing,disgust
wrongdoing,sadness
wrongful,anger
wrongful,disgust
wrongful,sadness
wrongly,anger
wrongly,fear
wrongly,sadness
xenophobia,fear
yearning,joy
yell,anger
yell,fear
yelp,anger
yelp,fear
youth,anger
youth,fear
youth,joy
zeal,joy
zealous,joy
zest,joy
